W,0xcf87a55,0
R,0xcf87a5d,
W,0xcf8798d,4205432942
R,0xcf8798d,
R,0xcf87a55,
W,0xcf87bed,4205433341
R,0xcf87bed,
W,0xcf87b6d,4205433341
R,0xcf87b6d,
W,0xcf87b71,0
W,0xcf87b6d,3
W,0xcf87b65,4205433510
R,0xcf87b6d,
R,0xcf87b65,
R,0xcf87c95,
W,0xcf87b5d,4205439656
R,0xcf87b65,
R,0xcf87c9d,
W,0xcf87b59,10
R,0xcf87b5d,
R,0xcf87b59,
W,0xcf87a1d,4205433174
W,0xcf87a15,4205439656
W,0xcf87a11,10
R,0xcf87a15,
W,0xcf87a05,2645805223
W,0xcf87a04,0
R,0xcf87a11,
W,0xcf87a25,4205432860
R,0xcf87a25,
W,0xcf87a3d,4205432860
R,0xcf87a3d,
W,0xcf8790d,4205433174
W,0xcf87905,10
W,0xcf878fd,4205432860
R,0xcf8790d,
R,0xcf87905,
R,0xcf878fd,
W,0xcf87845,10
W,0xcf8783d,4205432860
R,0xcf87845,
R,0xcf8783d,
W,0xcf8785d,4205432405
W,0xcf87855,4205432860
R,0xcf8785d,
R,0xcf87855,
W,0xcf8786d,4205432405
W,0xcf87865,4205432860
R,0xcf8786d,
W,0xcf877c5,4205432405
W,0xcf877bd,268435455
R,0xcf877c5,
W,0xcf877cd,4205432405
R,0xcf877cd,
W,0xcf877d5,4205432405
R,0xcf877d5,
W,0xcf877dd,4205432405
R,0xcf877dd,
W,0xcf877b5,268435455
W,0xcf87735,4205432278
W,0xcf8772d,4205432270
R,0xcf8772d,
R,0xcf877b5,
R,0xcf87735,
R,0xcf877bd,
R,0xcf87735,
W,0xcf8773d,4205432278
R,0xcf8773d,
R,0xcf877bd,
W,0xcf8784d,4205432405
R,0xcf8784d,
W,0xcf877dd,4205432405
R,0xcf877dd,
R,0xcf87845,
R,0xcf878fd,
W,0xcf8786d,4205433174
W,0xcf87865,10
W,0xcf8785d,4205432860
R,0xcf8786d,
R,0xcf8785d,
W,0xcf877bd,4205433174
W,0xcf877b5,4205432860
R,0xcf877bd,
R,0xcf877b5,
W,0xcf877cd,4205433174
W,0xcf877c5,4205432860
R,0xcf877cd,
R,0xcf877c5,
W,0xcf877dd,4205433174
W,0xcf877d5,4205432860
R,0xcf877dd,
W,0xcf8776d,4205433174
R,0xcf8776d,
W,0xcf87b3d,0
W,0xcf87b45,0
W,0xcf87b4d,0
R,0xcf87865,
W,0xcf877dd,4205433174
W,0xcf877d5,10
R,0xcf877dd,
R,0xcf877d5,
W,0xcf8777d,4205433174
W,0xcf87775,10
R,0xcf8777d,
R,0xcf87775,
R,0xcf87775,
W,0xcf8778d,4205433174
W,0xcf87785,10
R,0xcf8778d,
R,0xcf87785,
W,0xcf87715,4205433174
W,0xcf8770d,10
W,0xcf87705,0
R,0xcf87715,
R,0xcf8770d,
W,0xcf8771d,4205433174
R,0xcf8771d,
R,0xcf8770d,
W,0xcf87b3d,2645806215
R,0xcf87b3d,
W,0xcf87b45,2645806215
R,0xcf87b3d,
R,0xcf877d5,
W,0xcf87b4d,2645806295
R,0xcf87905,
W,0xcf8786d,4205433174
W,0xcf87865,10
R,0xcf8786d,
R,0xcf87b3d,
R,0xcf87865,
W,0xcf8782d,4205433174
R,0xcf8782d,
W,0xcf8782d,2645806215
W,0xcf87825,10
W,0xcf8781d,4205433174
R,0xcf8782d,
R,0xcf87825,
W,0xcf877dd,2645806215
W,0xcf877d5,10
W,0xcf877d4,1
R,0xcf877dd,
R,0xcf877d5,
W,0xcf8779d,2645806215
W,0xcf87795,10
R,0xcf87795,
R,0xcf8779d,
W,0xcf8778d,2645806215
R,0xcf8778d,
W,0xcf8771d,2645806215
R,0xcf8771d,
W,0x0,0
R,0xcf8779d,
W,0xcf8779d,2645806223
R,0xcf8779d,
R,0xcf87795,
R,0xcf8778d,
W,0xcf87715,2645806223
W,0xcf8770d,9
W,0xcf87705,2645806215
R,0xcf87715,
R,0xcf8770d,
W,0xcf876ad,9
R,0xcf876ad,
R,0xcf87705,
W,0xcf8771d,4205432110
W,0xcf8769d,2645806223
W,0xcf87695,9
W,0xcf8768d,2645806215
R,0xcf87695,
R,0xcf8769d,
R,0xcf8769d,
R,0xcf87695,
R,0xcf8768d,
W,0xcf8760d,2645806223
W,0xcf87605,2645806295
W,0xcf875fd,2645806215
R,0xcf8760d,
R,0xcf87605,
R,0xcf875fd,
W,0xcf875bd,2645806223
W,0xcf875b5,2645806295
W,0xcf875ad,2645806215
R,0xcf875ad,
R,0x0,
W,0xcf875a5,0
R,0xcf875bd,
R,0xcf875b5,
R,0xcf875a5,
R,0xcf875bd,
W,0x8,0
R,0xcf875bd,
W,0xcf875bd,2645806231
R,0xcf875bd,
R,0xcf875b5,
R,0xcf875a5,
R,0xcf875bd,
W,0x10,0
R,0xcf875bd,
W,0xcf875bd,2645806239
R,0xcf875bd,
R,0xcf875b5,
R,0xcf875a5,
R,0xcf875bd,
W,0x18,0
R,0xcf875bd,
W,0xcf875bd,2645806247
R,0xcf875bd,
R,0xcf875b5,
R,0xcf875a5,
R,0xcf875bd,
W,0x20,0
R,0xcf875bd,
W,0xcf875bd,2645806255
R,0xcf875bd,
R,0xcf875b5,
R,0xcf875a5,
R,0xcf875bd,
W,0x28,0
R,0xcf875bd,
W,0xcf875bd,2645806263
R,0xcf875bd,
R,0xcf875b5,
R,0xcf875a5,
R,0xcf875bd,
W,0x30,0
R,0xcf875bd,
W,0xcf875bd,2645806271
R,0xcf875bd,
R,0xcf875b5,
R,0xcf875a5,
R,0xcf875bd,
W,0x38,0
R,0xcf875bd,
W,0xcf875bd,2645806279
R,0xcf875bd,
R,0xcf875b5,
R,0xcf875a5,
R,0xcf875bd,
W,0x40,0
R,0xcf875bd,
W,0xcf875bd,2645806287
R,0xcf875bd,
R,0xcf875b5,
R,0xcf875a5,
R,0xcf875bd,
W,0x48,0
R,0xcf875bd,
W,0xcf875bd,2645806295
R,0xcf875bd,
R,0xcf875b5,
R,0xcf8769d,
R,0xcf87695,
W,0xcf876ad,2645806295
R,0xcf876ad,
W,0xcf8779d,2645806295
R,0xcf8779d,
W,0xcf87b45,2645806295
W,0xcf87a2d,4205432860
R,0xcf87a2d,
W,0xcf8790d,4205432860
R,0xcf8790d,
W,0xcf879e1,0
R,0xcf879e1,
R,0xcf87a11,
R,0xcf87a05,
R,0xcf879e5,
R,0xcf879e1,
W,0xcf8790d,4205433174
W,0xcf87905,0
R,0xcf8790d,
R,0xcf87b3d,
R,0xcf87905,
W,0x0,2103037817
R,0xcf879e1,
W,0xcf879e1,1
R,0xcf879e1,
R,0xcf87a11,
R,0xcf87a05,
R,0xcf879e5,
R,0xcf879e1,
W,0xcf8790d,4205433174
W,0xcf87905,1
R,0xcf8790d,
R,0xcf87b3d,
R,0xcf87905,
W,0x8,1183265925
R,0xcf879e1,
W,0xcf879e1,2
R,0xcf879e1,
R,0xcf87a11,
R,0xcf87a05,
R,0xcf879e5,
R,0xcf879e1,
W,0xcf8790d,4205433174
W,0xcf87905,2
R,0xcf8790d,
R,0xcf87b3d,
R,0xcf87905,
W,0x10,1378028460
R,0xcf879e1,
W,0xcf879e1,3
R,0xcf879e1,
R,0xcf87a11,
R,0xcf87a05,
R,0xcf879e5,
R,0xcf879e1,
W,0xcf8790d,4205433174
W,0xcf87905,3
R,0xcf8790d,
R,0xcf87b3d,
R,0xcf87905,
W,0x18,1837852668
R,0xcf879e1,
W,0xcf879e1,4
R,0xcf879e1,
R,0xcf87a11,
R,0xcf87a05,
R,0xcf879e5,
R,0xcf879e1,
W,0xcf8790d,4205433174
W,0xcf87905,4
R,0xcf8790d,
R,0xcf87b3d,
R,0xcf87905,
W,0x20,1247021962
R,0xcf879e1,
W,0xcf879e1,5
R,0xcf879e1,
R,0xcf87a11,
R,0xcf87a05,
R,0xcf879e5,
R,0xcf879e1,
W,0xcf8790d,4205433174
W,0xcf87905,5
R,0xcf8790d,
R,0xcf87b3d,
R,0xcf87905,
W,0x28,1915105988
R,0xcf879e1,
W,0xcf879e1,6
R,0xcf879e1,
R,0xcf87a11,
R,0xcf87a05,
R,0xcf879e5,
R,0xcf879e1,
W,0xcf8790d,4205433174
W,0xcf87905,6
R,0xcf8790d,
R,0xcf87b3d,
R,0xcf87905,
W,0x30,1613041882
R,0xcf879e1,
W,0xcf879e1,7
R,0xcf879e1,
R,0xcf87a11,
R,0xcf87a05,
R,0xcf879e5,
R,0xcf879e1,
W,0xcf8790d,4205433174
W,0xcf87905,7
R,0xcf8790d,
R,0xcf87b3d,
R,0xcf87905,
W,0x38,1247880576
R,0xcf879e1,
W,0xcf879e1,8
R,0xcf879e1,
R,0xcf87a11,
R,0xcf87a05,
R,0xcf879e5,
R,0xcf879e1,
W,0xcf8790d,4205433174
W,0xcf87905,8
R,0xcf8790d,
R,0xcf87b3d,
R,0xcf87905,
W,0x40,1175605066
R,0xcf879e1,
W,0xcf879e1,9
R,0xcf879e1,
R,0xcf87a11,
R,0xcf87a05,
R,0xcf879e5,
R,0xcf879e1,
W,0xcf8790d,4205433174
W,0xcf87905,9
R,0xcf8790d,
R,0xcf87b3d,
R,0xcf87905,
W,0x48,517738133
R,0xcf879e1,
W,0xcf879e1,10
R,0xcf879e1,
R,0xcf87a11,
R,0xcf87a05,
W,0xcf87a04,1
R,0xcf87a04,
W,0xcf87a3d,4205433174
W,0xcf87a35,0
R,0xcf87a3d,
R,0xcf87b3d,
R,0xcf87a35,
R,0xcf87b59,
W,0xcf87a3d,2645806215
W,0xcf87a35,9
R,0xcf87a3d,
R,0xcf87a35,
W,0xcf875e5,2645806215
W,0xcf875dd,9
R,0xcf875dd,
W,0xcf875d5,0
W,0xcf875cd,0
R,0xcf875cd,
R,0xcf875dd,
R,0xcf875e5,
R,0xcf875cd,
R,0x0,
R,0xcf875e5,
R,0xcf875cd,
R,0x0,
R,0xcf875e5,
R,0xcf875cd,
R,0x0,
R,0xcf875d5,
R,0xcf875e5,
R,0xcf875cd,
R,0x0,
W,0xcf875d5,2103037817
R,0xcf875cd,
W,0xcf875cd,1
R,0xcf875cd,
R,0xcf875dd,
R,0xcf875e5,
R,0xcf875cd,
R,0x8,
R,0xcf875e5,
R,0xcf875cd,
R,0x8,
R,0xcf875e5,
R,0xcf875cd,
R,0x8,
R,0xcf875d5,
R,0xcf875cd,
W,0xcf875cd,2
R,0xcf875cd,
R,0xcf875dd,
R,0xcf875e5,
R,0xcf875cd,
R,0x10,
R,0xcf875e5,
R,0xcf875cd,
R,0x10,
R,0xcf875e5,
R,0xcf875cd,
R,0x10,
R,0xcf875d5,
R,0xcf875cd,
W,0xcf875cd,3
R,0xcf875cd,
R,0xcf875dd,
R,0xcf875e5,
R,0xcf875cd,
R,0x18,
R,0xcf875e5,
R,0xcf875cd,
R,0x18,
R,0xcf875e5,
R,0xcf875cd,
R,0x18,
R,0xcf875d5,
R,0xcf875cd,
W,0xcf875cd,4
R,0xcf875cd,
R,0xcf875dd,
R,0xcf875e5,
R,0xcf875cd,
R,0x20,
R,0xcf875e5,
R,0xcf875cd,
R,0x20,
R,0xcf875e5,
R,0xcf875cd,
R,0x20,
R,0xcf875d5,
R,0xcf875cd,
W,0xcf875cd,5
R,0xcf875cd,
R,0xcf875dd,
R,0xcf875e5,
R,0xcf875cd,
R,0x28,
R,0xcf875e5,
R,0xcf875cd,
R,0x28,
R,0xcf875e5,
R,0xcf875cd,
R,0x28,
R,0xcf875d5,
R,0xcf875cd,
W,0xcf875cd,6
R,0xcf875cd,
R,0xcf875dd,
R,0xcf875e5,
R,0xcf875cd,
R,0x30,
R,0xcf875e5,
R,0xcf875cd,
R,0x30,
R,0xcf875e5,
R,0xcf875cd,
R,0x30,
R,0xcf875d5,
R,0xcf875cd,
W,0xcf875cd,7
R,0xcf875cd,
R,0xcf875dd,
R,0xcf875e5,
R,0xcf875cd,
R,0x38,
R,0xcf875e5,
R,0xcf875cd,
R,0x38,
R,0xcf875e5,
R,0xcf875cd,
R,0x38,
R,0xcf875d5,
R,0xcf875cd,
W,0xcf875cd,8
R,0xcf875cd,
R,0xcf875dd,
R,0xcf875e5,
R,0xcf875cd,
R,0x40,
R,0xcf875e5,
R,0xcf875cd,
R,0x40,
R,0xcf875e5,
R,0xcf875cd,
R,0x40,
R,0xcf875d5,
R,0xcf875cd,
W,0xcf875cd,9
R,0xcf875cd,
R,0xcf875dd,
R,0xcf875d5,
W,0xcf875ed,10
R,0xcf875ed,
W,0xcf87a2d,10
W,0xcf878dd,0
R,0xcf878dd,
R,0xcf87a35,
R,0xcf878dd,
W,0xcf879d5,2645806311
R,0xcf87a35,
R,0xcf878dd,
W,0xcf87985,2645806391
R,0xcf878dd,
W,0xcf878dd,1
R,0xcf878dd,
R,0xcf87a35,
R,0xcf878dd,
W,0xcf879dd,2645806471
R,0xcf87a35,
R,0xcf878dd,
W,0xcf8798d,2645806551
R,0xcf878dd,
W,0xcf878dd,2
R,0xcf878dd,
R,0xcf87a35,
R,0xcf878dd,
W,0xcf879e5,2645806631
R,0xcf87a35,
R,0xcf878dd,
W,0xcf87995,2645806711
R,0xcf878dd,
W,0xcf878dd,3
R,0xcf878dd,
R,0xcf87a35,
R,0xcf878dd,
W,0xcf879ed,2645806791
R,0xcf87a35,
R,0xcf878dd,
W,0xcf8799d,2645806871
R,0xcf878dd,
W,0xcf878dd,4
R,0xcf878dd,
R,0xcf87a35,
R,0xcf878dd,
W,0xcf879f5,2645806951
R,0xcf87a35,
R,0xcf878dd,
W,0xcf879a5,2645807031
R,0xcf878dd,
W,0xcf878dd,5
R,0xcf878dd,
R,0xcf87a35,
R,0xcf878dd,
W,0xcf879fd,2645807111
R,0xcf87a35,
R,0xcf878dd,
W,0xcf879ad,2645807191
R,0xcf878dd,
W,0xcf878dd,6
R,0xcf878dd,
R,0xcf87a35,
R,0xcf878dd,
W,0xcf87a05,2645807271
R,0xcf87a35,
R,0xcf878dd,
W,0xcf879b5,2645807351
R,0xcf878dd,
W,0xcf878dd,7
R,0xcf878dd,
R,0xcf87a35,
R,0xcf878dd,
W,0xcf87a0d,2645807431
R,0xcf87a35,
R,0xcf878dd,
W,0xcf879bd,2645807511
R,0xcf878dd,
W,0xcf878dd,8
R,0xcf878dd,
R,0xcf87a35,
R,0xcf878dd,
W,0xcf87a15,2645807591
R,0xcf87a35,
R,0xcf878dd,
W,0xcf879c5,2645807671
R,0xcf878dd,
W,0xcf878dd,9
R,0xcf878dd,
R,0xcf87a35,
R,0xcf878dd,
W,0xcf87a1d,2645807751
R,0xcf87a35,
R,0xcf878dd,
W,0xcf879cd,2645807831
R,0xcf878dd,
W,0xcf878dd,10
R,0xcf878dd,
W,0xcf878d5,0
R,0xcf878d5,
R,0xcf87a2d,
W,0xcf878cd,0
R,0xcf878cd,
R,0xcf878cd,
W,0xcf87935,0
R,0xcf878cd,
W,0xcf878e5,0
R,0xcf878cd,
W,0xcf878cd,1
R,0xcf878cd,
R,0xcf878cd,
W,0xcf8793d,0
R,0xcf878cd,
W,0xcf878ed,0
R,0xcf878cd,
W,0xcf878cd,2
R,0xcf878cd,
R,0xcf878cd,
W,0xcf87945,0
R,0xcf878cd,
W,0xcf878f5,0
R,0xcf878cd,
W,0xcf878cd,3
R,0xcf878cd,
R,0xcf878cd,
W,0xcf8794d,0
R,0xcf878cd,
W,0xcf878fd,0
R,0xcf878cd,
W,0xcf878cd,4
R,0xcf878cd,
R,0xcf878cd,
W,0xcf87955,0
R,0xcf878cd,
W,0xcf87905,0
R,0xcf878cd,
W,0xcf878cd,5
R,0xcf878cd,
R,0xcf878cd,
W,0xcf8795d,0
R,0xcf878cd,
W,0xcf8790d,0
R,0xcf878cd,
W,0xcf878cd,6
R,0xcf878cd,
R,0xcf878cd,
W,0xcf87965,0
R,0xcf878cd,
W,0xcf87915,0
R,0xcf878cd,
W,0xcf878cd,7
R,0xcf878cd,
R,0xcf878cd,
W,0xcf8796d,0
R,0xcf878cd,
W,0xcf8791d,0
R,0xcf878cd,
W,0xcf878cd,8
R,0xcf878cd,
R,0xcf878cd,
W,0xcf87975,0
R,0xcf878cd,
W,0xcf87925,0
R,0xcf878cd,
W,0xcf878cd,9
R,0xcf878cd,
R,0xcf878cd,
W,0xcf8797d,0
R,0xcf878cd,
W,0xcf8792d,0
R,0xcf878cd,
W,0xcf878cd,10
R,0xcf878cd,
W,0xcf878c5,0
R,0xcf878c5,
R,0xcf87a35,
R,0xcf87a3d,
R,0xcf878c5,
R,0x0,
R,0xcf87a3d,
R,0xcf878c5,
R,0x0,
R,0xcf878d5,
W,0xcf878bd,7
R,0xcf87a3d,
R,0xcf878c5,
R,0x0,
R,0xcf878bd,
R,0xcf87a0d,
R,0xcf878bd,
R,0xcf8796d,
W,0xcf8796d,1
W,0x4c0,2103037817
R,0xcf878c5,
W,0xcf878c5,1
R,0xcf878c5,
R,0xcf87a35,
R,0xcf87a3d,
R,0xcf878c5,
R,0x8,
R,0xcf87a3d,
R,0xcf878c5,
R,0x8,
R,0xcf878d5,
W,0xcf878bd,5
R,0xcf87a3d,
R,0xcf878c5,
R,0x8,
R,0xcf878bd,
R,0xcf879fd,
R,0xcf878bd,
R,0xcf8795d,
W,0xcf8795d,1
W,0x380,1183265925
R,0xcf878c5,
W,0xcf878c5,2
R,0xcf878c5,
R,0xcf87a35,
R,0xcf87a3d,
R,0xcf878c5,
R,0x10,
R,0xcf87a3d,
R,0xcf878c5,
R,0x10,
R,0xcf878d5,
W,0xcf878bd,0
R,0xcf87a3d,
R,0xcf878c5,
R,0x10,
R,0xcf878bd,
R,0xcf879d5,
R,0xcf878bd,
R,0xcf87935,
W,0xcf87935,1
W,0x60,1378028460
R,0xcf878c5,
W,0xcf878c5,3
R,0xcf878c5,
R,0xcf87a35,
R,0xcf87a3d,
R,0xcf878c5,
R,0x18,
R,0xcf87a3d,
R,0xcf878c5,
R,0x18,
R,0xcf878d5,
W,0xcf878bd,8
R,0xcf87a3d,
R,0xcf878c5,
R,0x18,
R,0xcf878bd,
R,0xcf87a15,
R,0xcf878bd,
R,0xcf87975,
W,0xcf87975,1
W,0x560,1837852668
R,0xcf878c5,
W,0xcf878c5,4
R,0xcf878c5,
R,0xcf87a35,
R,0xcf87a3d,
R,0xcf878c5,
R,0x20,
R,0xcf87a3d,
R,0xcf878c5,
R,0x20,
R,0xcf878d5,
W,0xcf878bd,2
R,0xcf87a3d,
R,0xcf878c5,
R,0x20,
R,0xcf878bd,
R,0xcf879e5,
R,0xcf878bd,
R,0xcf87945,
W,0xcf87945,1
W,0x1a0,1247021962
R,0xcf878c5,
W,0xcf878c5,5
R,0xcf878c5,
R,0xcf87a35,
R,0xcf87a3d,
R,0xcf878c5,
R,0x28,
R,0xcf87a3d,
R,0xcf878c5,
R,0x28,
R,0xcf878d5,
W,0xcf878bd,8
R,0xcf87a3d,
R,0xcf878c5,
R,0x28,
R,0xcf878bd,
R,0xcf87a15,
R,0xcf878bd,
R,0xcf87975,
W,0xcf87975,2
W,0x568,1915105988
R,0xcf878c5,
W,0xcf878c5,6
R,0xcf878c5,
R,0xcf87a35,
R,0xcf87a3d,
R,0xcf878c5,
R,0x30,
R,0xcf87a3d,
R,0xcf878c5,
R,0x30,
R,0xcf878d5,
W,0xcf878bd,2
R,0xcf87a3d,
R,0xcf878c5,
R,0x30,
R,0xcf878bd,
R,0xcf879e5,
R,0xcf878bd,
R,0xcf87945,
W,0xcf87945,2
W,0x1a8,1613041882
R,0xcf878c5,
W,0xcf878c5,7
R,0xcf878c5,
R,0xcf87a35,
R,0xcf87a3d,
R,0xcf878c5,
R,0x38,
R,0xcf87a3d,
R,0xcf878c5,
R,0x38,
R,0xcf878d5,
W,0xcf878bd,6
R,0xcf87a3d,
R,0xcf878c5,
R,0x38,
R,0xcf878bd,
R,0xcf87a05,
R,0xcf878bd,
R,0xcf87965,
W,0xcf87965,1
W,0x420,1247880576
R,0xcf878c5,
W,0xcf878c5,8
R,0xcf878c5,
R,0xcf87a35,
R,0xcf87a3d,
R,0xcf878c5,
R,0x40,
R,0xcf87a3d,
R,0xcf878c5,
R,0x40,
R,0xcf878d5,
W,0xcf878bd,6
R,0xcf87a3d,
R,0xcf878c5,
R,0x40,
R,0xcf878bd,
R,0xcf87a05,
R,0xcf878bd,
R,0xcf87965,
W,0xcf87965,2
W,0x428,1175605066
R,0xcf878c5,
W,0xcf878c5,9
R,0xcf878c5,
R,0xcf87a35,
W,0xcf878ad,0
W,0xcf878a5,0
R,0xcf878a5,
R,0xcf878a5,
R,0xcf878e5,
W,0xcf8789d,0
R,0xcf8789d,
R,0xcf878a5,
W,0xcf878a5,1
R,0xcf878a5,
R,0xcf878a5,
R,0xcf878ed,
W,0xcf8789d,0
R,0xcf8789d,
R,0xcf878a5,
W,0xcf878a5,2
R,0xcf878a5,
R,0xcf878a5,
R,0xcf878f5,
W,0xcf8789d,0
R,0xcf8789d,
R,0xcf878a5,
W,0xcf878a5,3
R,0xcf878a5,
R,0xcf878a5,
R,0xcf878fd,
W,0xcf8789d,0
R,0xcf8789d,
R,0xcf878a5,
W,0xcf878a5,4
R,0xcf878a5,
R,0xcf878a5,
R,0xcf87905,
W,0xcf8789d,0
R,0xcf8789d,
R,0xcf878a5,
W,0xcf878a5,5
R,0xcf878a5,
R,0xcf878a5,
R,0xcf8790d,
W,0xcf8789d,0
R,0xcf8789d,
R,0xcf878a5,
W,0xcf878a5,6
R,0xcf878a5,
R,0xcf878a5,
R,0xcf87915,
W,0xcf8789d,0
R,0xcf8789d,
R,0xcf878a5,
W,0xcf878a5,7
R,0xcf878a5,
R,0xcf878a5,
R,0xcf8791d,
W,0xcf8789d,0
R,0xcf8789d,
R,0xcf878a5,
W,0xcf878a5,8
R,0xcf878a5,
R,0xcf878a5,
R,0xcf87925,
W,0xcf8789d,0
R,0xcf8789d,
R,0xcf878a5,
W,0xcf878a5,9
R,0xcf878a5,
R,0xcf878a5,
R,0xcf8792d,
W,0xcf8789d,0
R,0xcf8789d,
R,0xcf878a5,
W,0xcf878a5,10
R,0xcf878a5,
W,0xcf87895,0
R,0xcf87895,
W,0xcf8788d,0
R,0xcf8788d,
R,0xcf87895,
R,0xcf87935,
R,0xcf87895,
R,0xcf879d5,
R,0xcf8788d,
R,0x60,
R,0xcf87a3d,
R,0xcf878ad,
W,0xcf878ad,1
W,0x0,1378028460
R,0xcf8788d,
W,0xcf8788d,1
R,0xcf8788d,
R,0xcf87895,
R,0xcf87935,
R,0xcf87895,
W,0xcf87895,1
R,0xcf87895,
W,0xcf8788d,0
R,0xcf8788d,
R,0xcf87895,
R,0xcf8793d,
R,0xcf87895,
W,0xcf87895,2
R,0xcf87895,
W,0xcf8788d,0
R,0xcf8788d,
R,0xcf87895,
R,0xcf87945,
R,0xcf87895,
R,0xcf879e5,
R,0xcf8788d,
R,0x1a0,
R,0xcf87a3d,
R,0xcf878ad,
W,0xcf878ad,2
W,0x8,1247021962
R,0xcf8788d,
W,0xcf8788d,1
R,0xcf8788d,
R,0xcf87895,
R,0xcf87945,
R,0xcf87895,
R,0xcf879e5,
R,0xcf8788d,
R,0x1a8,
R,0xcf87a3d,
R,0xcf878ad,
W,0xcf878ad,3
W,0x10,1613041882
R,0xcf8788d,
W,0xcf8788d,2
R,0xcf8788d,
R,0xcf87895,
R,0xcf87945,
R,0xcf87895,
W,0xcf87895,3
R,0xcf87895,
W,0xcf8788d,0
R,0xcf8788d,
R,0xcf87895,
R,0xcf8794d,
R,0xcf87895,
W,0xcf87895,4
R,0xcf87895,
W,0xcf8788d,0
R,0xcf8788d,
R,0xcf87895,
R,0xcf87955,
R,0xcf87895,
W,0xcf87895,5
R,0xcf87895,
W,0xcf8788d,0
R,0xcf8788d,
R,0xcf87895,
R,0xcf8795d,
R,0xcf87895,
R,0xcf879fd,
R,0xcf8788d,
R,0x380,
R,0xcf87a3d,
R,0xcf878ad,
W,0xcf878ad,4
W,0x18,1183265925
R,0xcf8788d,
W,0xcf8788d,1
R,0xcf8788d,
R,0xcf87895,
R,0xcf8795d,
R,0xcf87895,
W,0xcf87895,6
R,0xcf87895,
W,0xcf8788d,0
R,0xcf8788d,
R,0xcf87895,
R,0xcf87965,
R,0xcf87895,
R,0xcf87a05,
R,0xcf8788d,
R,0x420,
R,0xcf87a3d,
R,0xcf878ad,
W,0xcf878ad,5
W,0x20,1247880576
R,0xcf8788d,
W,0xcf8788d,1
R,0xcf8788d,
R,0xcf87895,
R,0xcf87965,
R,0xcf87895,
R,0xcf87a05,
R,0xcf8788d,
R,0x428,
R,0xcf87a3d,
R,0xcf878ad,
W,0xcf878ad,6
W,0x28,1175605066
R,0xcf8788d,
W,0xcf8788d,2
R,0xcf8788d,
R,0xcf87895,
R,0xcf87965,
R,0xcf87895,
W,0xcf87895,7
R,0xcf87895,
W,0xcf8788d,0
R,0xcf8788d,
R,0xcf87895,
R,0xcf8796d,
R,0xcf87895,
R,0xcf87a0d,
R,0xcf8788d,
R,0x4c0,
R,0xcf87a3d,
R,0xcf878ad,
W,0xcf878ad,7
W,0x30,2103037817
R,0xcf8788d,
W,0xcf8788d,1
R,0xcf8788d,
R,0xcf87895,
R,0xcf8796d,
R,0xcf87895,
W,0xcf87895,8
R,0xcf87895,
W,0xcf8788d,0
R,0xcf8788d,
R,0xcf87895,
R,0xcf87975,
R,0xcf87895,
R,0xcf87a15,
R,0xcf8788d,
R,0x560,
R,0xcf87a3d,
R,0xcf878ad,
W,0xcf878ad,8
W,0x38,1837852668
R,0xcf8788d,
W,0xcf8788d,1
R,0xcf8788d,
R,0xcf87895,
R,0xcf87975,
R,0xcf87895,
R,0xcf87a15,
R,0xcf8788d,
R,0x568,
R,0xcf87a3d,
R,0xcf878ad,
W,0xcf878ad,9
W,0x40,1915105988
R,0xcf8788d,
W,0xcf8788d,2
R,0xcf8788d,
R,0xcf87895,
R,0xcf87975,
R,0xcf87895,
W,0xcf87895,9
R,0xcf87895,
W,0xcf8788d,0
R,0xcf8788d,
R,0xcf87895,
R,0xcf8797d,
R,0xcf87895,
W,0xcf87895,10
R,0xcf87895,
R,0xcf878d5,
W,0xcf878d5,1
R,0xcf878d5,
R,0xcf87a2d,
W,0xcf878cd,0
R,0xcf878cd,
R,0xcf878cd,
W,0xcf87935,0
R,0xcf878cd,
W,0xcf878e5,0
R,0xcf878cd,
W,0xcf878cd,1
R,0xcf878cd,
R,0xcf878cd,
W,0xcf8793d,0
R,0xcf878cd,
W,0xcf878ed,0
R,0xcf878cd,
W,0xcf878cd,2
R,0xcf878cd,
R,0xcf878cd,
W,0xcf87945,0
R,0xcf878cd,
W,0xcf878f5,0
R,0xcf878cd,
W,0xcf878cd,3
R,0xcf878cd,
R,0xcf878cd,
W,0xcf8794d,0
R,0xcf878cd,
W,0xcf878fd,0
R,0xcf878cd,
W,0xcf878cd,4
R,0xcf878cd,
R,0xcf878cd,
W,0xcf87955,0
R,0xcf878cd,
W,0xcf87905,0
R,0xcf878cd,
W,0xcf878cd,5
R,0xcf878cd,
R,0xcf878cd,
W,0xcf8795d,0
R,0xcf878cd,
W,0xcf8790d,0
R,0xcf878cd,
W,0xcf878cd,6
R,0xcf878cd,
R,0xcf878cd,
W,0xcf87965,0
R,0xcf878cd,
W,0xcf87915,0
R,0xcf878cd,
W,0xcf878cd,7
R,0xcf878cd,
R,0xcf878cd,
W,0xcf8796d,0
R,0xcf878cd,
W,0xcf8791d,0
R,0xcf878cd,
W,0xcf878cd,8
R,0xcf878cd,
R,0xcf878cd,
W,0xcf87975,0
R,0xcf878cd,
W,0xcf87925,0
R,0xcf878cd,
W,0xcf878cd,9
R,0xcf878cd,
R,0xcf878cd,
W,0xcf8797d,0
R,0xcf878cd,
W,0xcf8792d,0
R,0xcf878cd,
W,0xcf878cd,10
R,0xcf878cd,
W,0xcf878c5,0
R,0xcf878c5,
R,0xcf87a35,
R,0xcf87a3d,
R,0xcf878c5,
R,0x0,
R,0xcf87a3d,
R,0xcf878c5,
R,0x0,
R,0xcf878d5,
W,0xcf878bd,6
R,0xcf87a3d,
R,0xcf878c5,
R,0x0,
R,0xcf878bd,
R,0xcf87a05,
R,0xcf878bd,
R,0xcf87965,
W,0xcf87965,1
W,0x420,1378028460
R,0xcf878c5,
W,0xcf878c5,1
R,0xcf878c5,
R,0xcf87a35,
R,0xcf87a3d,
R,0xcf878c5,
R,0x8,
R,0xcf87a3d,
R,0xcf878c5,
R,0x8,
R,0xcf878d5,
W,0xcf878bd,6
R,0xcf87a3d,
R,0xcf878c5,
R,0x8,
R,0xcf878bd,
R,0xcf87a05,
R,0xcf878bd,
R,0xcf87965,
W,0xcf87965,2
W,0x428,1247021962
R,0xcf878c5,
W,0xcf878c5,2
R,0xcf878c5,
R,0xcf87a35,
R,0xcf87a3d,
R,0xcf878c5,
R,0x10,
R,0xcf87a3d,
R,0xcf878c5,
R,0x10,
R,0xcf878d5,
W,0xcf878bd,8
R,0xcf87a3d,
R,0xcf878c5,
R,0x10,
R,0xcf878bd,
R,0xcf87a15,
R,0xcf878bd,
R,0xcf87975,
W,0xcf87975,1
W,0x560,1613041882
R,0xcf878c5,
W,0xcf878c5,3
R,0xcf878c5,
R,0xcf87a35,
R,0xcf87a3d,
R,0xcf878c5,
R,0x18,
R,0xcf87a3d,
R,0xcf878c5,
R,0x18,
R,0xcf878d5,
W,0xcf878bd,2
R,0xcf87a3d,
R,0xcf878c5,
R,0x18,
R,0xcf878bd,
R,0xcf879e5,
R,0xcf878bd,
R,0xcf87945,
W,0xcf87945,1
W,0x1a0,1183265925
R,0xcf878c5,
W,0xcf878c5,4
R,0xcf878c5,
R,0xcf87a35,
R,0xcf87a3d,
R,0xcf878c5,
R,0x20,
R,0xcf87a3d,
R,0xcf878c5,
R,0x20,
R,0xcf878d5,
W,0xcf878bd,7
R,0xcf87a3d,
R,0xcf878c5,
R,0x20,
R,0xcf878bd,
R,0xcf87a0d,
R,0xcf878bd,
R,0xcf8796d,
W,0xcf8796d,1
W,0x4c0,1247880576
R,0xcf878c5,
W,0xcf878c5,5
R,0xcf878c5,
R,0xcf87a35,
R,0xcf87a3d,
R,0xcf878c5,
R,0x28,
R,0xcf87a3d,
R,0xcf878c5,
R,0x28,
R,0xcf878d5,
W,0xcf878bd,6
R,0xcf87a3d,
R,0xcf878c5,
R,0x28,
R,0xcf878bd,
R,0xcf87a05,
R,0xcf878bd,
R,0xcf87965,
W,0xcf87965,3
W,0x430,1175605066
R,0xcf878c5,
W,0xcf878c5,6
R,0xcf878c5,
R,0xcf87a35,
R,0xcf87a3d,
R,0xcf878c5,
R,0x30,
R,0xcf87a3d,
R,0xcf878c5,
R,0x30,
R,0xcf878d5,
W,0xcf878bd,1
R,0xcf87a3d,
R,0xcf878c5,
R,0x30,
R,0xcf878bd,
R,0xcf879dd,
R,0xcf878bd,
R,0xcf8793d,
W,0xcf8793d,1
W,0x100,2103037817
R,0xcf878c5,
W,0xcf878c5,7
R,0xcf878c5,
R,0xcf87a35,
R,0xcf87a3d,
R,0xcf878c5,
R,0x38,
R,0xcf87a3d,
R,0xcf878c5,
R,0x38,
R,0xcf878d5,
W,0xcf878bd,6
R,0xcf87a3d,
R,0xcf878c5,
R,0x38,
R,0xcf878bd,
R,0xcf87a05,
R,0xcf878bd,
R,0xcf87965,
W,0xcf87965,4
W,0x438,1837852668
R,0xcf878c5,
W,0xcf878c5,8
R,0xcf878c5,
R,0xcf87a35,
R,0xcf87a3d,
R,0xcf878c5,
R,0x40,
R,0xcf87a3d,
R,0xcf878c5,
R,0x40,
R,0xcf878d5,
W,0xcf878bd,8
R,0xcf87a3d,
R,0xcf878c5,
R,0x40,
R,0xcf878bd,
R,0xcf87a15,
R,0xcf878bd,
R,0xcf87975,
W,0xcf87975,2
W,0x568,1915105988
R,0xcf878c5,
W,0xcf878c5,9
R,0xcf878c5,
R,0xcf87a35,
W,0xcf878ad,0
W,0xcf878a5,0
R,0xcf878a5,
R,0xcf878a5,
R,0xcf878e5,
W,0xcf8789d,0
R,0xcf8789d,
R,0xcf878a5,
W,0xcf878a5,1
R,0xcf878a5,
R,0xcf878a5,
R,0xcf878ed,
W,0xcf8789d,0
R,0xcf8789d,
R,0xcf878a5,
W,0xcf878a5,2
R,0xcf878a5,
R,0xcf878a5,
R,0xcf878f5,
W,0xcf8789d,0
R,0xcf8789d,
R,0xcf878a5,
W,0xcf878a5,3
R,0xcf878a5,
R,0xcf878a5,
R,0xcf878fd,
W,0xcf8789d,0
R,0xcf8789d,
R,0xcf878a5,
W,0xcf878a5,4
R,0xcf878a5,
R,0xcf878a5,
R,0xcf87905,
W,0xcf8789d,0
R,0xcf8789d,
R,0xcf878a5,
W,0xcf878a5,5
R,0xcf878a5,
R,0xcf878a5,
R,0xcf8790d,
W,0xcf8789d,0
R,0xcf8789d,
R,0xcf878a5,
W,0xcf878a5,6
R,0xcf878a5,
R,0xcf878a5,
R,0xcf87915,
W,0xcf8789d,0
R,0xcf8789d,
R,0xcf878a5,
W,0xcf878a5,7
R,0xcf878a5,
R,0xcf878a5,
R,0xcf8791d,
W,0xcf8789d,0
R,0xcf8789d,
R,0xcf878a5,
W,0xcf878a5,8
R,0xcf878a5,
R,0xcf878a5,
R,0xcf87925,
W,0xcf8789d,0
R,0xcf8789d,
R,0xcf878a5,
W,0xcf878a5,9
R,0xcf878a5,
R,0xcf878a5,
R,0xcf8792d,
W,0xcf8789d,0
R,0xcf8789d,
R,0xcf878a5,
W,0xcf878a5,10
R,0xcf878a5,
W,0xcf87895,0
R,0xcf87895,
W,0xcf8788d,0
R,0xcf8788d,
R,0xcf87895,
R,0xcf87935,
R,0xcf87895,
W,0xcf87895,1
R,0xcf87895,
W,0xcf8788d,0
R,0xcf8788d,
R,0xcf87895,
R,0xcf8793d,
R,0xcf87895,
R,0xcf879dd,
R,0xcf8788d,
R,0x100,
R,0xcf87a3d,
R,0xcf878ad,
W,0xcf878ad,1
W,0x0,2103037817
R,0xcf8788d,
W,0xcf8788d,1
R,0xcf8788d,
R,0xcf87895,
R,0xcf8793d,
R,0xcf87895,
W,0xcf87895,2
R,0xcf87895,
W,0xcf8788d,0
R,0xcf8788d,
R,0xcf87895,
R,0xcf87945,
R,0xcf87895,
R,0xcf879e5,
R,0xcf8788d,
R,0x1a0,
R,0xcf87a3d,
R,0xcf878ad,
W,0xcf878ad,2
W,0x8,1183265925
R,0xcf8788d,
W,0xcf8788d,1
R,0xcf8788d,
R,0xcf87895,
R,0xcf87945,
R,0xcf87895,
W,0xcf87895,3
R,0xcf87895,
W,0xcf8788d,0
R,0xcf8788d,
R,0xcf87895,
R,0xcf8794d,
R,0xcf87895,
W,0xcf87895,4
R,0xcf87895,
W,0xcf8788d,0
R,0xcf8788d,
R,0xcf87895,
R,0xcf87955,
R,0xcf87895,
W,0xcf87895,5
R,0xcf87895,
W,0xcf8788d,0
R,0xcf8788d,
R,0xcf87895,
R,0xcf8795d,
R,0xcf87895,
W,0xcf87895,6
R,0xcf87895,
W,0xcf8788d,0
R,0xcf8788d,
R,0xcf87895,
R,0xcf87965,
R,0xcf87895,
R,0xcf87a05,
R,0xcf8788d,
R,0x420,
R,0xcf87a3d,
R,0xcf878ad,
W,0xcf878ad,3
W,0x10,1378028460
R,0xcf8788d,
W,0xcf8788d,1
R,0xcf8788d,
R,0xcf87895,
R,0xcf87965,
R,0xcf87895,
R,0xcf87a05,
R,0xcf8788d,
R,0x428,
R,0xcf87a3d,
R,0xcf878ad,
W,0xcf878ad,4
W,0x18,1247021962
R,0xcf8788d,
W,0xcf8788d,2
R,0xcf8788d,
R,0xcf87895,
R,0xcf87965,
R,0xcf87895,
R,0xcf87a05,
R,0xcf8788d,
R,0x430,
R,0xcf87a3d,
R,0xcf878ad,
W,0xcf878ad,5
W,0x20,1175605066
R,0xcf8788d,
W,0xcf8788d,3
R,0xcf8788d,
R,0xcf87895,
R,0xcf87965,
R,0xcf87895,
R,0xcf87a05,
R,0xcf8788d,
R,0x438,
R,0xcf87a3d,
R,0xcf878ad,
W,0xcf878ad,6
W,0x28,1837852668
R,0xcf8788d,
W,0xcf8788d,4
R,0xcf8788d,
R,0xcf87895,
R,0xcf87965,
R,0xcf87895,
W,0xcf87895,7
R,0xcf87895,
W,0xcf8788d,0
R,0xcf8788d,
R,0xcf87895,
R,0xcf8796d,
R,0xcf87895,
R,0xcf87a0d,
R,0xcf8788d,
R,0x4c0,
R,0xcf87a3d,
R,0xcf878ad,
W,0xcf878ad,7
W,0x30,1247880576
R,0xcf8788d,
W,0xcf8788d,1
R,0xcf8788d,
R,0xcf87895,
R,0xcf8796d,
R,0xcf87895,
W,0xcf87895,8
R,0xcf87895,
W,0xcf8788d,0
R,0xcf8788d,
R,0xcf87895,
R,0xcf87975,
R,0xcf87895,
R,0xcf87a15,
R,0xcf8788d,
R,0x560,
R,0xcf87a3d,
R,0xcf878ad,
W,0xcf878ad,8
W,0x38,1613041882
R,0xcf8788d,
W,0xcf8788d,1
R,0xcf8788d,
R,0xcf87895,
R,0xcf87975,
R,0xcf87895,
R,0xcf87a15,
R,0xcf8788d,
R,0x568,
R,0xcf87a3d,
R,0xcf878ad,
W,0xcf878ad,9
W,0x40,1915105988
R,0xcf8788d,
W,0xcf8788d,2
R,0xcf8788d,
R,0xcf87895,
R,0xcf87975,
R,0xcf87895,
W,0xcf87895,9
R,0xcf87895,
W,0xcf8788d,0
R,0xcf8788d,
R,0xcf87895,
R,0xcf8797d,
R,0xcf87895,
W,0xcf87895,10
R,0xcf87895,
R,0xcf878d5,
W,0xcf878d5,2
R,0xcf878d5,
R,0xcf87a2d,
W,0xcf878cd,0
R,0xcf878cd,
R,0xcf878cd,
W,0xcf87935,0
R,0xcf878cd,
W,0xcf878e5,0
R,0xcf878cd,
W,0xcf878cd,1
R,0xcf878cd,
R,0xcf878cd,
W,0xcf8793d,0
R,0xcf878cd,
W,0xcf878ed,0
R,0xcf878cd,
W,0xcf878cd,2
R,0xcf878cd,
R,0xcf878cd,
W,0xcf87945,0
R,0xcf878cd,
W,0xcf878f5,0
R,0xcf878cd,
W,0xcf878cd,3
R,0xcf878cd,
R,0xcf878cd,
W,0xcf8794d,0
R,0xcf878cd,
W,0xcf878fd,0
R,0xcf878cd,
W,0xcf878cd,4
R,0xcf878cd,
R,0xcf878cd,
W,0xcf87955,0
R,0xcf878cd,
W,0xcf87905,0
R,0xcf878cd,
W,0xcf878cd,5
R,0xcf878cd,
R,0xcf878cd,
W,0xcf8795d,0
R,0xcf878cd,
W,0xcf8790d,0
R,0xcf878cd,
W,0xcf878cd,6
R,0xcf878cd,
R,0xcf878cd,
W,0xcf87965,0
R,0xcf878cd,
W,0xcf87915,0
R,0xcf878cd,
W,0xcf878cd,7
R,0xcf878cd,
R,0xcf878cd,
W,0xcf8796d,0
R,0xcf878cd,
W,0xcf8791d,0
R,0xcf878cd,
W,0xcf878cd,8
R,0xcf878cd,
R,0xcf878cd,
W,0xcf87975,0
R,0xcf878cd,
W,0xcf87925,0
R,0xcf878cd,
W,0xcf878cd,9
R,0xcf878cd,
R,0xcf878cd,
W,0xcf8797d,0
R,0xcf878cd,
W,0xcf8792d,0
R,0xcf878cd,
W,0xcf878cd,10
R,0xcf878cd,
W,0xcf878c5,0
R,0xcf878c5,
R,0xcf87a35,
R,0xcf87a3d,
R,0xcf878c5,
R,0x0,
R,0xcf87a3d,
R,0xcf878c5,
R,0x0,
R,0xcf878d5,
W,0xcf878bd,8
R,0xcf87a3d,
R,0xcf878c5,
R,0x0,
R,0xcf878bd,
R,0xcf87a15,
R,0xcf878bd,
R,0xcf87975,
W,0xcf87975,1
W,0x560,2103037817
R,0xcf878c5,
W,0xcf878c5,1
R,0xcf878c5,
R,0xcf87a35,
R,0xcf87a3d,
R,0xcf878c5,
R,0x8,
R,0xcf87a3d,
R,0xcf878c5,
R,0x8,
R,0xcf878d5,
W,0xcf878bd,9
R,0xcf87a3d,
R,0xcf878c5,
R,0x8,
R,0xcf878bd,
R,0xcf87a1d,
R,0xcf878bd,
R,0xcf8797d,
W,0xcf8797d,1
W,0x600,1183265925
R,0xcf878c5,
W,0xcf878c5,2
R,0xcf878c5,
R,0xcf87a35,
R,0xcf87a3d,
R,0xcf878c5,
R,0x10,
R,0xcf87a3d,
R,0xcf878c5,
R,0x10,
R,0xcf878d5,
W,0xcf878bd,4
R,0xcf87a3d,
R,0xcf878c5,
R,0x10,
R,0xcf878bd,
R,0xcf879f5,
R,0xcf878bd,
R,0xcf87955,
W,0xcf87955,1
W,0x2e0,1378028460
R,0xcf878c5,
W,0xcf878c5,3
R,0xcf878c5,
R,0xcf87a35,
R,0xcf87a3d,
R,0xcf878c5,
R,0x18,
R,0xcf87a3d,
R,0xcf878c5,
R,0x18,
R,0xcf878d5,
W,0xcf878bd,9
R,0xcf87a3d,
R,0xcf878c5,
R,0x18,
R,0xcf878bd,
R,0xcf87a1d,
R,0xcf878bd,
R,0xcf8797d,
W,0xcf8797d,2
W,0x608,1247021962
R,0xcf878c5,
W,0xcf878c5,4
R,0xcf878c5,
R,0xcf87a35,
R,0xcf87a3d,
R,0xcf878c5,
R,0x20,
R,0xcf87a3d,
R,0xcf878c5,
R,0x20,
R,0xcf878d5,
W,0xcf878bd,0
R,0xcf87a3d,
R,0xcf878c5,
R,0x20,
R,0xcf878bd,
R,0xcf879d5,
R,0xcf878bd,
R,0xcf87935,
W,0xcf87935,1
W,0x60,1175605066
R,0xcf878c5,
W,0xcf878c5,5
R,0xcf878c5,
R,0xcf87a35,
R,0xcf87a3d,
R,0xcf878c5,
R,0x28,
R,0xcf87a3d,
R,0xcf878c5,
R,0x28,
R,0xcf878d5,
W,0xcf878bd,6
R,0xcf87a3d,
R,0xcf878c5,
R,0x28,
R,0xcf878bd,
R,0xcf87a05,
R,0xcf878bd,
R,0xcf87965,
W,0xcf87965,1
W,0x420,1837852668
R,0xcf878c5,
W,0xcf878c5,6
R,0xcf878c5,
R,0xcf87a35,
R,0xcf87a3d,
R,0xcf878c5,
R,0x30,
R,0xcf87a3d,
R,0xcf878c5,
R,0x30,
R,0xcf878d5,
W,0xcf878bd,5
R,0xcf87a3d,
R,0xcf878c5,
R,0x30,
R,0xcf878bd,
R,0xcf879fd,
R,0xcf878bd,
R,0xcf8795d,
W,0xcf8795d,1
W,0x380,1247880576
R,0xcf878c5,
W,0xcf878c5,7
R,0xcf878c5,
R,0xcf87a35,
R,0xcf87a3d,
R,0xcf878c5,
R,0x38,
R,0xcf87a3d,
R,0xcf878c5,
R,0x38,
R,0xcf878d5,
W,0xcf878bd,8
R,0xcf87a3d,
R,0xcf878c5,
R,0x38,
R,0xcf878bd,
R,0xcf87a15,
R,0xcf878bd,
R,0xcf87975,
W,0xcf87975,2
W,0x568,1613041882
R,0xcf878c5,
W,0xcf878c5,8
R,0xcf878c5,
R,0xcf87a35,
R,0xcf87a3d,
R,0xcf878c5,
R,0x40,
R,0xcf87a3d,
R,0xcf878c5,
R,0x40,
R,0xcf878d5,
W,0xcf878bd,9
R,0xcf87a3d,
R,0xcf878c5,
R,0x40,
R,0xcf878bd,
R,0xcf87a1d,
R,0xcf878bd,
R,0xcf8797d,
W,0xcf8797d,3
W,0x610,1915105988
R,0xcf878c5,
W,0xcf878c5,9
R,0xcf878c5,
R,0xcf87a35,
W,0xcf878ad,0
W,0xcf878a5,0
R,0xcf878a5,
R,0xcf878a5,
R,0xcf878e5,
W,0xcf8789d,0
R,0xcf8789d,
R,0xcf878a5,
W,0xcf878a5,1
R,0xcf878a5,
R,0xcf878a5,
R,0xcf878ed,
W,0xcf8789d,0
R,0xcf8789d,
R,0xcf878a5,
W,0xcf878a5,2
R,0xcf878a5,
R,0xcf878a5,
R,0xcf878f5,
W,0xcf8789d,0
R,0xcf8789d,
R,0xcf878a5,
W,0xcf878a5,3
R,0xcf878a5,
R,0xcf878a5,
R,0xcf878fd,
W,0xcf8789d,0
R,0xcf8789d,
R,0xcf878a5,
W,0xcf878a5,4
R,0xcf878a5,
R,0xcf878a5,
R,0xcf87905,
W,0xcf8789d,0
R,0xcf8789d,
R,0xcf878a5,
W,0xcf878a5,5
R,0xcf878a5,
R,0xcf878a5,
R,0xcf8790d,
W,0xcf8789d,0
R,0xcf8789d,
R,0xcf878a5,
W,0xcf878a5,6
R,0xcf878a5,
R,0xcf878a5,
R,0xcf87915,
W,0xcf8789d,0
R,0xcf8789d,
R,0xcf878a5,
W,0xcf878a5,7
R,0xcf878a5,
R,0xcf878a5,
R,0xcf8791d,
W,0xcf8789d,0
R,0xcf8789d,
R,0xcf878a5,
W,0xcf878a5,8
R,0xcf878a5,
R,0xcf878a5,
R,0xcf87925,
W,0xcf8789d,0
R,0xcf8789d,
R,0xcf878a5,
W,0xcf878a5,9
R,0xcf878a5,
R,0xcf878a5,
R,0xcf8792d,
W,0xcf8789d,0
R,0xcf8789d,
R,0xcf878a5,
W,0xcf878a5,10
R,0xcf878a5,
W,0xcf87895,0
R,0xcf87895,
W,0xcf8788d,0
R,0xcf8788d,
R,0xcf87895,
R,0xcf87935,
R,0xcf87895,
R,0xcf879d5,
R,0xcf8788d,
R,0x60,
R,0xcf87a3d,
R,0xcf878ad,
W,0xcf878ad,1
W,0x0,1175605066
R,0xcf8788d,
W,0xcf8788d,1
R,0xcf8788d,
R,0xcf87895,
R,0xcf87935,
R,0xcf87895,
W,0xcf87895,1
R,0xcf87895,
W,0xcf8788d,0
R,0xcf8788d,
R,0xcf87895,
R,0xcf8793d,
R,0xcf87895,
W,0xcf87895,2
R,0xcf87895,
W,0xcf8788d,0
R,0xcf8788d,
R,0xcf87895,
R,0xcf87945,
R,0xcf87895,
W,0xcf87895,3
R,0xcf87895,
W,0xcf8788d,0
R,0xcf8788d,
R,0xcf87895,
R,0xcf8794d,
R,0xcf87895,
W,0xcf87895,4
R,0xcf87895,
W,0xcf8788d,0
R,0xcf8788d,
R,0xcf87895,
R,0xcf87955,
R,0xcf87895,
R,0xcf879f5,
R,0xcf8788d,
R,0x2e0,
R,0xcf87a3d,
R,0xcf878ad,
W,0xcf878ad,2
W,0x8,1378028460
R,0xcf8788d,
W,0xcf8788d,1
R,0xcf8788d,
R,0xcf87895,
R,0xcf87955,
R,0xcf87895,
W,0xcf87895,5
R,0xcf87895,
W,0xcf8788d,0
R,0xcf8788d,
R,0xcf87895,
R,0xcf8795d,
R,0xcf87895,
R,0xcf879fd,
R,0xcf8788d,
R,0x380,
R,0xcf87a3d,
R,0xcf878ad,
W,0xcf878ad,3
W,0x10,1247880576
R,0xcf8788d,
W,0xcf8788d,1
R,0xcf8788d,
R,0xcf87895,
R,0xcf8795d,
R,0xcf87895,
W,0xcf87895,6
R,0xcf87895,
W,0xcf8788d,0
R,0xcf8788d,
R,0xcf87895,
R,0xcf87965,
R,0xcf87895,
R,0xcf87a05,
R,0xcf8788d,
R,0x420,
R,0xcf87a3d,
R,0xcf878ad,
W,0xcf878ad,4
W,0x18,1837852668
R,0xcf8788d,
W,0xcf8788d,1
R,0xcf8788d,
R,0xcf87895,
R,0xcf87965,
R,0xcf87895,
W,0xcf87895,7
R,0xcf87895,
W,0xcf8788d,0
R,0xcf8788d,
R,0xcf87895,
R,0xcf8796d,
R,0xcf87895,
W,0xcf87895,8
R,0xcf87895,
W,0xcf8788d,0
R,0xcf8788d,
R,0xcf87895,
R,0xcf87975,
R,0xcf87895,
R,0xcf87a15,
R,0xcf8788d,
R,0x560,
R,0xcf87a3d,
R,0xcf878ad,
W,0xcf878ad,5
W,0x20,2103037817
R,0xcf8788d,
W,0xcf8788d,1
R,0xcf8788d,
R,0xcf87895,
R,0xcf87975,
R,0xcf87895,
R,0xcf87a15,
R,0xcf8788d,
R,0x568,
R,0xcf87a3d,
R,0xcf878ad,
W,0xcf878ad,6
W,0x28,1613041882
R,0xcf8788d,
W,0xcf8788d,2
R,0xcf8788d,
R,0xcf87895,
R,0xcf87975,
R,0xcf87895,
W,0xcf87895,9
R,0xcf87895,
W,0xcf8788d,0
R,0xcf8788d,
R,0xcf87895,
R,0xcf8797d,
R,0xcf87895,
R,0xcf87a1d,
R,0xcf8788d,
R,0x600,
R,0xcf87a3d,
R,0xcf878ad,
W,0xcf878ad,7
W,0x30,1183265925
R,0xcf8788d,
W,0xcf8788d,1
R,0xcf8788d,
R,0xcf87895,
R,0xcf8797d,
R,0xcf87895,
R,0xcf87a1d,
R,0xcf8788d,
R,0x608,
R,0xcf87a3d,
R,0xcf878ad,
W,0xcf878ad,8
W,0x38,1247021962
R,0xcf8788d,
W,0xcf8788d,2
R,0xcf8788d,
R,0xcf87895,
R,0xcf8797d,
R,0xcf87895,
R,0xcf87a1d,
R,0xcf8788d,
R,0x610,
R,0xcf87a3d,
R,0xcf878ad,
W,0xcf878ad,9
W,0x40,1915105988
R,0xcf8788d,
W,0xcf8788d,3
R,0xcf8788d,
R,0xcf87895,
R,0xcf8797d,
R,0xcf87895,
W,0xcf87895,10
R,0xcf87895,
R,0xcf878d5,
W,0xcf878d5,3
R,0xcf878d5,
R,0xcf87a2d,
W,0xcf878cd,0
R,0xcf878cd,
R,0xcf878cd,
W,0xcf87935,0
R,0xcf878cd,
W,0xcf878e5,0
R,0xcf878cd,
W,0xcf878cd,1
R,0xcf878cd,
R,0xcf878cd,
W,0xcf8793d,0
R,0xcf878cd,
W,0xcf878ed,0
R,0xcf878cd,
W,0xcf878cd,2
R,0xcf878cd,
R,0xcf878cd,
W,0xcf87945,0
R,0xcf878cd,
W,0xcf878f5,0
R,0xcf878cd,
W,0xcf878cd,3
R,0xcf878cd,
R,0xcf878cd,
W,0xcf8794d,0
R,0xcf878cd,
W,0xcf878fd,0
R,0xcf878cd,
W,0xcf878cd,4
R,0xcf878cd,
R,0xcf878cd,
W,0xcf87955,0
R,0xcf878cd,
W,0xcf87905,0
R,0xcf878cd,
W,0xcf878cd,5
R,0xcf878cd,
R,0xcf878cd,
W,0xcf8795d,0
R,0xcf878cd,
W,0xcf8790d,0
R,0xcf878cd,
W,0xcf878cd,6
R,0xcf878cd,
R,0xcf878cd,
W,0xcf87965,0
R,0xcf878cd,
W,0xcf87915,0
R,0xcf878cd,
W,0xcf878cd,7
R,0xcf878cd,
R,0xcf878cd,
W,0xcf8796d,0
R,0xcf878cd,
W,0xcf8791d,0
R,0xcf878cd,
W,0xcf878cd,8
R,0xcf878cd,
R,0xcf878cd,
W,0xcf87975,0
R,0xcf878cd,
W,0xcf87925,0
R,0xcf878cd,
W,0xcf878cd,9
R,0xcf878cd,
R,0xcf878cd,
W,0xcf8797d,0
R,0xcf878cd,
W,0xcf8792d,0
R,0xcf878cd,
W,0xcf878cd,10
R,0xcf878cd,
W,0xcf878c5,0
R,0xcf878c5,
R,0xcf87a35,
R,0xcf87a3d,
R,0xcf878c5,
R,0x0,
R,0xcf87a3d,
R,0xcf878c5,
R,0x0,
R,0xcf878d5,
W,0xcf878bd,5
R,0xcf87a3d,
R,0xcf878c5,
R,0x0,
R,0xcf878bd,
R,0xcf879fd,
R,0xcf878bd,
R,0xcf8795d,
W,0xcf8795d,1
W,0x380,1175605066
R,0xcf878c5,
W,0xcf878c5,1
R,0xcf878c5,
R,0xcf87a35,
R,0xcf87a3d,
R,0xcf878c5,
R,0x8,
R,0xcf87a3d,
R,0xcf878c5,
R,0x8,
R,0xcf878d5,
W,0xcf878bd,8
R,0xcf87a3d,
R,0xcf878c5,
R,0x8,
R,0xcf878bd,
R,0xcf87a15,
R,0xcf878bd,
R,0xcf87975,
W,0xcf87975,1
W,0x560,1378028460
R,0xcf878c5,
W,0xcf878c5,2
R,0xcf878c5,
R,0xcf87a35,
R,0xcf87a3d,
R,0xcf878c5,
R,0x10,
R,0xcf87a3d,
R,0xcf878c5,
R,0x10,
R,0xcf878d5,
W,0xcf878bd,0
R,0xcf87a3d,
R,0xcf878c5,
R,0x10,
R,0xcf878bd,
R,0xcf879d5,
R,0xcf878bd,
R,0xcf87935,
W,0xcf87935,1
W,0x60,1247880576
R,0xcf878c5,
W,0xcf878c5,3
R,0xcf878c5,
R,0xcf87a35,
R,0xcf87a3d,
R,0xcf878c5,
R,0x18,
R,0xcf87a3d,
R,0xcf878c5,
R,0x18,
R,0xcf878d5,
W,0xcf878bd,2
R,0xcf87a3d,
R,0xcf878c5,
R,0x18,
R,0xcf878bd,
R,0xcf879e5,
R,0xcf878bd,
R,0xcf87945,
W,0xcf87945,1
W,0x1a0,1837852668
R,0xcf878c5,
W,0xcf878c5,4
R,0xcf878c5,
R,0xcf87a35,
R,0xcf87a3d,
R,0xcf878c5,
R,0x20,
R,0xcf87a3d,
R,0xcf878c5,
R,0x20,
R,0xcf878d5,
W,0xcf878bd,7
R,0xcf87a3d,
R,0xcf878c5,
R,0x20,
R,0xcf878bd,
R,0xcf87a0d,
R,0xcf878bd,
R,0xcf8796d,
W,0xcf8796d,1
W,0x4c0,2103037817
R,0xcf878c5,
W,0xcf878c5,5
R,0xcf878c5,
R,0xcf87a35,
R,0xcf87a3d,
R,0xcf878c5,
R,0x28,
R,0xcf87a3d,
R,0xcf878c5,
R,0x28,
R,0xcf878d5,
W,0xcf878bd,1
R,0xcf87a3d,
R,0xcf878c5,
R,0x28,
R,0xcf878bd,
R,0xcf879dd,
R,0xcf878bd,
R,0xcf8793d,
W,0xcf8793d,1
W,0x100,1613041882
R,0xcf878c5,
W,0xcf878c5,6
R,0xcf878c5,
R,0xcf87a35,
R,0xcf87a3d,
R,0xcf878c5,
R,0x30,
R,0xcf87a3d,
R,0xcf878c5,
R,0x30,
R,0xcf878d5,
W,0xcf878bd,5
R,0xcf87a3d,
R,0xcf878c5,
R,0x30,
R,0xcf878bd,
R,0xcf879fd,
R,0xcf878bd,
R,0xcf8795d,
W,0xcf8795d,2
W,0x388,1183265925
R,0xcf878c5,
W,0xcf878c5,7
R,0xcf878c5,
R,0xcf87a35,
R,0xcf87a3d,
R,0xcf878c5,
R,0x38,
R,0xcf87a3d,
R,0xcf878c5,
R,0x38,
R,0xcf878d5,
W,0xcf878bd,1
R,0xcf87a3d,
R,0xcf878c5,
R,0x38,
R,0xcf878bd,
R,0xcf879dd,
R,0xcf878bd,
R,0xcf8793d,
W,0xcf8793d,2
W,0x108,1247021962
R,0xcf878c5,
W,0xcf878c5,8
R,0xcf878c5,
R,0xcf87a35,
R,0xcf87a3d,
R,0xcf878c5,
R,0x40,
R,0xcf87a3d,
R,0xcf878c5,
R,0x40,
R,0xcf878d5,
W,0xcf878bd,5
R,0xcf87a3d,
R,0xcf878c5,
R,0x40,
R,0xcf878bd,
R,0xcf879fd,
R,0xcf878bd,
R,0xcf8795d,
W,0xcf8795d,3
W,0x390,1915105988
R,0xcf878c5,
W,0xcf878c5,9
R,0xcf878c5,
R,0xcf87a35,
W,0xcf878ad,0
W,0xcf878a5,0
R,0xcf878a5,
R,0xcf878a5,
R,0xcf878e5,
W,0xcf8789d,0
R,0xcf8789d,
R,0xcf878a5,
W,0xcf878a5,1
R,0xcf878a5,
R,0xcf878a5,
R,0xcf878ed,
W,0xcf8789d,0
R,0xcf8789d,
R,0xcf878a5,
W,0xcf878a5,2
R,0xcf878a5,
R,0xcf878a5,
R,0xcf878f5,
W,0xcf8789d,0
R,0xcf8789d,
R,0xcf878a5,
W,0xcf878a5,3
R,0xcf878a5,
R,0xcf878a5,
R,0xcf878fd,
W,0xcf8789d,0
R,0xcf8789d,
R,0xcf878a5,
W,0xcf878a5,4
R,0xcf878a5,
R,0xcf878a5,
R,0xcf87905,
W,0xcf8789d,0
R,0xcf8789d,
R,0xcf878a5,
W,0xcf878a5,5
R,0xcf878a5,
R,0xcf878a5,
R,0xcf8790d,
W,0xcf8789d,0
R,0xcf8789d,
R,0xcf878a5,
W,0xcf878a5,6
R,0xcf878a5,
R,0xcf878a5,
R,0xcf87915,
W,0xcf8789d,0
R,0xcf8789d,
R,0xcf878a5,
W,0xcf878a5,7
R,0xcf878a5,
R,0xcf878a5,
R,0xcf8791d,
W,0xcf8789d,0
R,0xcf8789d,
R,0xcf878a5,
W,0xcf878a5,8
R,0xcf878a5,
R,0xcf878a5,
R,0xcf87925,
W,0xcf8789d,0
R,0xcf8789d,
R,0xcf878a5,
W,0xcf878a5,9
R,0xcf878a5,
R,0xcf878a5,
R,0xcf8792d,
W,0xcf8789d,0
R,0xcf8789d,
R,0xcf878a5,
W,0xcf878a5,10
R,0xcf878a5,
W,0xcf87895,0
R,0xcf87895,
W,0xcf8788d,0
R,0xcf8788d,
R,0xcf87895,
R,0xcf87935,
R,0xcf87895,
R,0xcf879d5,
R,0xcf8788d,
R,0x60,
R,0xcf87a3d,
R,0xcf878ad,
W,0xcf878ad,1
W,0x0,1247880576
R,0xcf8788d,
W,0xcf8788d,1
R,0xcf8788d,
R,0xcf87895,
R,0xcf87935,
R,0xcf87895,
W,0xcf87895,1
R,0xcf87895,
W,0xcf8788d,0
R,0xcf8788d,
R,0xcf87895,
R,0xcf8793d,
R,0xcf87895,
R,0xcf879dd,
R,0xcf8788d,
R,0x100,
R,0xcf87a3d,
R,0xcf878ad,
W,0xcf878ad,2
W,0x8,1613041882
R,0xcf8788d,
W,0xcf8788d,1
R,0xcf8788d,
R,0xcf87895,
R,0xcf8793d,
R,0xcf87895,
R,0xcf879dd,
R,0xcf8788d,
R,0x108,
R,0xcf87a3d,
R,0xcf878ad,
W,0xcf878ad,3
W,0x10,1247021962
R,0xcf8788d,
W,0xcf8788d,2
R,0xcf8788d,
R,0xcf87895,
R,0xcf8793d,
R,0xcf87895,
W,0xcf87895,2
R,0xcf87895,
W,0xcf8788d,0
R,0xcf8788d,
R,0xcf87895,
R,0xcf87945,
R,0xcf87895,
R,0xcf879e5,
R,0xcf8788d,
R,0x1a0,
R,0xcf87a3d,
R,0xcf878ad,
W,0xcf878ad,4
W,0x18,1837852668
R,0xcf8788d,
W,0xcf8788d,1
R,0xcf8788d,
R,0xcf87895,
R,0xcf87945,
R,0xcf87895,
W,0xcf87895,3
R,0xcf87895,
W,0xcf8788d,0
R,0xcf8788d,
R,0xcf87895,
R,0xcf8794d,
R,0xcf87895,
W,0xcf87895,4
R,0xcf87895,
W,0xcf8788d,0
R,0xcf8788d,
R,0xcf87895,
R,0xcf87955,
R,0xcf87895,
W,0xcf87895,5
R,0xcf87895,
W,0xcf8788d,0
R,0xcf8788d,
R,0xcf87895,
R,0xcf8795d,
R,0xcf87895,
R,0xcf879fd,
R,0xcf8788d,
R,0x380,
R,0xcf87a3d,
R,0xcf878ad,
W,0xcf878ad,5
W,0x20,1175605066
R,0xcf8788d,
W,0xcf8788d,1
R,0xcf8788d,
R,0xcf87895,
R,0xcf8795d,
R,0xcf87895,
R,0xcf879fd,
R,0xcf8788d,
R,0x388,
R,0xcf87a3d,
R,0xcf878ad,
W,0xcf878ad,6
W,0x28,1183265925
R,0xcf8788d,
W,0xcf8788d,2
R,0xcf8788d,
R,0xcf87895,
R,0xcf8795d,
R,0xcf87895,
R,0xcf879fd,
R,0xcf8788d,
R,0x390,
R,0xcf87a3d,
R,0xcf878ad,
W,0xcf878ad,7
W,0x30,1915105988
R,0xcf8788d,
W,0xcf8788d,3
R,0xcf8788d,
R,0xcf87895,
R,0xcf8795d,
R,0xcf87895,
W,0xcf87895,6
R,0xcf87895,
W,0xcf8788d,0
R,0xcf8788d,
R,0xcf87895,
R,0xcf87965,
R,0xcf87895,
W,0xcf87895,7
R,0xcf87895,
W,0xcf8788d,0
R,0xcf8788d,
R,0xcf87895,
R,0xcf8796d,
R,0xcf87895,
R,0xcf87a0d,
R,0xcf8788d,
R,0x4c0,
R,0xcf87a3d,
R,0xcf878ad,
W,0xcf878ad,8
W,0x38,2103037817
R,0xcf8788d,
W,0xcf8788d,1
R,0xcf8788d,
R,0xcf87895,
R,0xcf8796d,
R,0xcf87895,
W,0xcf87895,8
R,0xcf87895,
W,0xcf8788d,0
R,0xcf8788d,
R,0xcf87895,
R,0xcf87975,
R,0xcf87895,
R,0xcf87a15,
R,0xcf8788d,
R,0x560,
R,0xcf87a3d,
R,0xcf878ad,
W,0xcf878ad,9
W,0x40,1378028460
R,0xcf8788d,
W,0xcf8788d,1
R,0xcf8788d,
R,0xcf87895,
R,0xcf87975,
R,0xcf87895,
W,0xcf87895,9
R,0xcf87895,
W,0xcf8788d,0
R,0xcf8788d,
R,0xcf87895,
R,0xcf8797d,
R,0xcf87895,
W,0xcf87895,10
R,0xcf87895,
R,0xcf878d5,
W,0xcf878d5,4
R,0xcf878d5,
R,0xcf87a2d,
W,0xcf878cd,0
R,0xcf878cd,
R,0xcf878cd,
W,0xcf87935,0
R,0xcf878cd,
W,0xcf878e5,0
R,0xcf878cd,
W,0xcf878cd,1
R,0xcf878cd,
R,0xcf878cd,
W,0xcf8793d,0
R,0xcf878cd,
W,0xcf878ed,0
R,0xcf878cd,
W,0xcf878cd,2
R,0xcf878cd,
R,0xcf878cd,
W,0xcf87945,0
R,0xcf878cd,
W,0xcf878f5,0
R,0xcf878cd,
W,0xcf878cd,3
R,0xcf878cd,
R,0xcf878cd,
W,0xcf8794d,0
R,0xcf878cd,
W,0xcf878fd,0
R,0xcf878cd,
W,0xcf878cd,4
R,0xcf878cd,
R,0xcf878cd,
W,0xcf87955,0
R,0xcf878cd,
W,0xcf87905,0
R,0xcf878cd,
W,0xcf878cd,5
R,0xcf878cd,
R,0xcf878cd,
W,0xcf8795d,0
R,0xcf878cd,
W,0xcf8790d,0
R,0xcf878cd,
W,0xcf878cd,6
R,0xcf878cd,
R,0xcf878cd,
W,0xcf87965,0
R,0xcf878cd,
W,0xcf87915,0
R,0xcf878cd,
W,0xcf878cd,7
R,0xcf878cd,
R,0xcf878cd,
W,0xcf8796d,0
R,0xcf878cd,
W,0xcf8791d,0
R,0xcf878cd,
W,0xcf878cd,8
R,0xcf878cd,
R,0xcf878cd,
W,0xcf87975,0
R,0xcf878cd,
W,0xcf87925,0
R,0xcf878cd,
W,0xcf878cd,9
R,0xcf878cd,
R,0xcf878cd,
W,0xcf8797d,0
R,0xcf878cd,
W,0xcf8792d,0
R,0xcf878cd,
W,0xcf878cd,10
R,0xcf878cd,
W,0xcf878c5,0
R,0xcf878c5,
R,0xcf87a35,
R,0xcf87a3d,
R,0xcf878c5,
R,0x0,
R,0xcf87a3d,
R,0xcf878c5,
R,0x0,
R,0xcf878d5,
W,0xcf878bd,8
R,0xcf87a3d,
R,0xcf878c5,
R,0x0,
R,0xcf878bd,
R,0xcf87a15,
R,0xcf878bd,
R,0xcf87975,
W,0xcf87975,1
W,0x560,1247880576
R,0xcf878c5,
W,0xcf878c5,1
R,0xcf878c5,
R,0xcf87a35,
R,0xcf87a3d,
R,0xcf878c5,
R,0x8,
R,0xcf87a3d,
R,0xcf878c5,
R,0x8,
R,0xcf878d5,
W,0xcf878bd,4
R,0xcf87a3d,
R,0xcf878c5,
R,0x8,
R,0xcf878bd,
R,0xcf879f5,
R,0xcf878bd,
R,0xcf87955,
W,0xcf87955,1
W,0x2e0,1613041882
R,0xcf878c5,
W,0xcf878c5,2
R,0xcf878c5,
R,0xcf87a35,
R,0xcf87a3d,
R,0xcf878c5,
R,0x10,
R,0xcf87a3d,
R,0xcf878c5,
R,0x10,
R,0xcf878d5,
W,0xcf878bd,2
R,0xcf87a3d,
R,0xcf878c5,
R,0x10,
R,0xcf878bd,
R,0xcf879e5,
R,0xcf878bd,
R,0xcf87945,
W,0xcf87945,1
W,0x1a0,1247021962
R,0xcf878c5,
W,0xcf878c5,3
R,0xcf878c5,
R,0xcf87a35,
R,0xcf87a3d,
R,0xcf878c5,
R,0x18,
R,0xcf87a3d,
R,0xcf878c5,
R,0x18,
R,0xcf878d5,
W,0xcf878bd,5
R,0xcf87a3d,
R,0xcf878c5,
R,0x18,
R,0xcf878bd,
R,0xcf879fd,
R,0xcf878bd,
R,0xcf8795d,
W,0xcf8795d,1
W,0x380,1837852668
R,0xcf878c5,
W,0xcf878c5,4
R,0xcf878c5,
R,0xcf87a35,
R,0xcf87a3d,
R,0xcf878c5,
R,0x20,
R,0xcf87a3d,
R,0xcf878c5,
R,0x20,
R,0xcf878d5,
W,0xcf878bd,0
R,0xcf87a3d,
R,0xcf878c5,
R,0x20,
R,0xcf878bd,
R,0xcf879d5,
R,0xcf878bd,
R,0xcf87935,
W,0xcf87935,1
W,0x60,1175605066
R,0xcf878c5,
W,0xcf878c5,5
R,0xcf878c5,
R,0xcf87a35,
R,0xcf87a3d,
R,0xcf878c5,
R,0x28,
R,0xcf87a3d,
R,0xcf878c5,
R,0x28,
R,0xcf878d5,
W,0xcf878bd,6
R,0xcf87a3d,
R,0xcf878c5,
R,0x28,
R,0xcf878bd,
R,0xcf87a05,
R,0xcf878bd,
R,0xcf87965,
W,0xcf87965,1
W,0x420,1183265925
R,0xcf878c5,
W,0xcf878c5,6
R,0xcf878c5,
R,0xcf87a35,
R,0xcf87a3d,
R,0xcf878c5,
R,0x30,
R,0xcf87a3d,
R,0xcf878c5,
R,0x30,
R,0xcf878d5,
W,0xcf878bd,0
R,0xcf87a3d,
R,0xcf878c5,
R,0x30,
R,0xcf878bd,
R,0xcf879d5,
R,0xcf878bd,
R,0xcf87935,
W,0xcf87935,2
W,0x68,1915105988
R,0xcf878c5,
W,0xcf878c5,7
R,0xcf878c5,
R,0xcf87a35,
R,0xcf87a3d,
R,0xcf878c5,
R,0x38,
R,0xcf87a3d,
R,0xcf878c5,
R,0x38,
R,0xcf878d5,
W,0xcf878bd,3
R,0xcf87a3d,
R,0xcf878c5,
R,0x38,
R,0xcf878bd,
R,0xcf879ed,
R,0xcf878bd,
R,0xcf8794d,
W,0xcf8794d,1
W,0x240,2103037817
R,0xcf878c5,
W,0xcf878c5,8
R,0xcf878c5,
R,0xcf87a35,
R,0xcf87a3d,
R,0xcf878c5,
R,0x40,
R,0xcf87a3d,
R,0xcf878c5,
R,0x40,
R,0xcf878d5,
W,0xcf878bd,2
R,0xcf87a3d,
R,0xcf878c5,
R,0x40,
R,0xcf878bd,
R,0xcf879e5,
R,0xcf878bd,
R,0xcf87945,
W,0xcf87945,2
W,0x1a8,1378028460
R,0xcf878c5,
W,0xcf878c5,9
R,0xcf878c5,
R,0xcf87a35,
W,0xcf878ad,0
W,0xcf878a5,0
R,0xcf878a5,
R,0xcf878a5,
R,0xcf878e5,
W,0xcf8789d,0
R,0xcf8789d,
R,0xcf878a5,
W,0xcf878a5,1
R,0xcf878a5,
R,0xcf878a5,
R,0xcf878ed,
W,0xcf8789d,0
R,0xcf8789d,
R,0xcf878a5,
W,0xcf878a5,2
R,0xcf878a5,
R,0xcf878a5,
R,0xcf878f5,
W,0xcf8789d,0
R,0xcf8789d,
R,0xcf878a5,
W,0xcf878a5,3
R,0xcf878a5,
R,0xcf878a5,
R,0xcf878fd,
W,0xcf8789d,0
R,0xcf8789d,
R,0xcf878a5,
W,0xcf878a5,4
R,0xcf878a5,
R,0xcf878a5,
R,0xcf87905,
W,0xcf8789d,0
R,0xcf8789d,
R,0xcf878a5,
W,0xcf878a5,5
R,0xcf878a5,
R,0xcf878a5,
R,0xcf8790d,
W,0xcf8789d,0
R,0xcf8789d,
R,0xcf878a5,
W,0xcf878a5,6
R,0xcf878a5,
R,0xcf878a5,
R,0xcf87915,
W,0xcf8789d,0
R,0xcf8789d,
R,0xcf878a5,
W,0xcf878a5,7
R,0xcf878a5,
R,0xcf878a5,
R,0xcf8791d,
W,0xcf8789d,0
R,0xcf8789d,
R,0xcf878a5,
W,0xcf878a5,8
R,0xcf878a5,
R,0xcf878a5,
R,0xcf87925,
W,0xcf8789d,0
R,0xcf8789d,
R,0xcf878a5,
W,0xcf878a5,9
R,0xcf878a5,
R,0xcf878a5,
R,0xcf8792d,
W,0xcf8789d,0
R,0xcf8789d,
R,0xcf878a5,
W,0xcf878a5,10
R,0xcf878a5,
W,0xcf87895,0
R,0xcf87895,
W,0xcf8788d,0
R,0xcf8788d,
R,0xcf87895,
R,0xcf87935,
R,0xcf87895,
R,0xcf879d5,
R,0xcf8788d,
R,0x60,
R,0xcf87a3d,
R,0xcf878ad,
W,0xcf878ad,1
W,0x0,1175605066
R,0xcf8788d,
W,0xcf8788d,1
R,0xcf8788d,
R,0xcf87895,
R,0xcf87935,
R,0xcf87895,
R,0xcf879d5,
R,0xcf8788d,
R,0x68,
R,0xcf87a3d,
R,0xcf878ad,
W,0xcf878ad,2
W,0x8,1915105988
R,0xcf8788d,
W,0xcf8788d,2
R,0xcf8788d,
R,0xcf87895,
R,0xcf87935,
R,0xcf87895,
W,0xcf87895,1
R,0xcf87895,
W,0xcf8788d,0
R,0xcf8788d,
R,0xcf87895,
R,0xcf8793d,
R,0xcf87895,
W,0xcf87895,2
R,0xcf87895,
W,0xcf8788d,0
R,0xcf8788d,
R,0xcf87895,
R,0xcf87945,
R,0xcf87895,
R,0xcf879e5,
R,0xcf8788d,
R,0x1a0,
R,0xcf87a3d,
R,0xcf878ad,
W,0xcf878ad,3
W,0x10,1247021962
R,0xcf8788d,
W,0xcf8788d,1
R,0xcf8788d,
R,0xcf87895,
R,0xcf87945,
R,0xcf87895,
R,0xcf879e5,
R,0xcf8788d,
R,0x1a8,
R,0xcf87a3d,
R,0xcf878ad,
W,0xcf878ad,4
W,0x18,1378028460
R,0xcf8788d,
W,0xcf8788d,2
R,0xcf8788d,
R,0xcf87895,
R,0xcf87945,
R,0xcf87895,
W,0xcf87895,3
R,0xcf87895,
W,0xcf8788d,0
R,0xcf8788d,
R,0xcf87895,
R,0xcf8794d,
R,0xcf87895,
R,0xcf879ed,
R,0xcf8788d,
R,0x240,
R,0xcf87a3d,
R,0xcf878ad,
W,0xcf878ad,5
W,0x20,2103037817
R,0xcf8788d,
W,0xcf8788d,1
R,0xcf8788d,
R,0xcf87895,
R,0xcf8794d,
R,0xcf87895,
W,0xcf87895,4
R,0xcf87895,
W,0xcf8788d,0
R,0xcf8788d,
R,0xcf87895,
R,0xcf87955,
R,0xcf87895,
R,0xcf879f5,
R,0xcf8788d,
R,0x2e0,
R,0xcf87a3d,
R,0xcf878ad,
W,0xcf878ad,6
W,0x28,1613041882
R,0xcf8788d,
W,0xcf8788d,1
R,0xcf8788d,
R,0xcf87895,
R,0xcf87955,
R,0xcf87895,
W,0xcf87895,5
R,0xcf87895,
W,0xcf8788d,0
R,0xcf8788d,
R,0xcf87895,
R,0xcf8795d,
R,0xcf87895,
R,0xcf879fd,
R,0xcf8788d,
R,0x380,
R,0xcf87a3d,
R,0xcf878ad,
W,0xcf878ad,7
W,0x30,1837852668
R,0xcf8788d,
W,0xcf8788d,1
R,0xcf8788d,
R,0xcf87895,
R,0xcf8795d,
R,0xcf87895,
W,0xcf87895,6
R,0xcf87895,
W,0xcf8788d,0
R,0xcf8788d,
R,0xcf87895,
R,0xcf87965,
R,0xcf87895,
R,0xcf87a05,
R,0xcf8788d,
R,0x420,
R,0xcf87a3d,
R,0xcf878ad,
W,0xcf878ad,8
W,0x38,1183265925
R,0xcf8788d,
W,0xcf8788d,1
R,0xcf8788d,
R,0xcf87895,
R,0xcf87965,
R,0xcf87895,
W,0xcf87895,7
R,0xcf87895,
W,0xcf8788d,0
R,0xcf8788d,
R,0xcf87895,
R,0xcf8796d,
R,0xcf87895,
W,0xcf87895,8
R,0xcf87895,
W,0xcf8788d,0
R,0xcf8788d,
R,0xcf87895,
R,0xcf87975,
R,0xcf87895,
R,0xcf87a15,
R,0xcf8788d,
R,0x560,
R,0xcf87a3d,
R,0xcf878ad,
W,0xcf878ad,9
W,0x40,1247880576
R,0xcf8788d,
W,0xcf8788d,1
R,0xcf8788d,
R,0xcf87895,
R,0xcf87975,
R,0xcf87895,
W,0xcf87895,9
R,0xcf87895,
W,0xcf8788d,0
R,0xcf8788d,
R,0xcf87895,
R,0xcf8797d,
R,0xcf87895,
W,0xcf87895,10
R,0xcf87895,
R,0xcf878d5,
W,0xcf878d5,5
R,0xcf878d5,
R,0xcf87a2d,
W,0xcf878cd,0
R,0xcf878cd,
R,0xcf878cd,
W,0xcf87935,0
R,0xcf878cd,
W,0xcf878e5,0
R,0xcf878cd,
W,0xcf878cd,1
R,0xcf878cd,
R,0xcf878cd,
W,0xcf8793d,0
R,0xcf878cd,
W,0xcf878ed,0
R,0xcf878cd,
W,0xcf878cd,2
R,0xcf878cd,
R,0xcf878cd,
W,0xcf87945,0
R,0xcf878cd,
W,0xcf878f5,0
R,0xcf878cd,
W,0xcf878cd,3
R,0xcf878cd,
R,0xcf878cd,
W,0xcf8794d,0
R,0xcf878cd,
W,0xcf878fd,0
R,0xcf878cd,
W,0xcf878cd,4
R,0xcf878cd,
R,0xcf878cd,
W,0xcf87955,0
R,0xcf878cd,
W,0xcf87905,0
R,0xcf878cd,
W,0xcf878cd,5
R,0xcf878cd,
R,0xcf878cd,
W,0xcf8795d,0
R,0xcf878cd,
W,0xcf8790d,0
R,0xcf878cd,
W,0xcf878cd,6
R,0xcf878cd,
R,0xcf878cd,
W,0xcf87965,0
R,0xcf878cd,
W,0xcf87915,0
R,0xcf878cd,
W,0xcf878cd,7
R,0xcf878cd,
R,0xcf878cd,
W,0xcf8796d,0
R,0xcf878cd,
W,0xcf8791d,0
R,0xcf878cd,
W,0xcf878cd,8
R,0xcf878cd,
R,0xcf878cd,
W,0xcf87975,0
R,0xcf878cd,
W,0xcf87925,0
R,0xcf878cd,
W,0xcf878cd,9
R,0xcf878cd,
R,0xcf878cd,
W,0xcf8797d,0
R,0xcf878cd,
W,0xcf8792d,0
R,0xcf878cd,
W,0xcf878cd,10
R,0xcf878cd,
W,0xcf878c5,0
R,0xcf878c5,
R,0xcf87a35,
R,0xcf87a3d,
R,0xcf878c5,
R,0x0,
R,0xcf87a3d,
R,0xcf878c5,
R,0x0,
R,0xcf878d5,
W,0xcf878bd,6
R,0xcf87a3d,
R,0xcf878c5,
R,0x0,
R,0xcf878bd,
R,0xcf87a05,
R,0xcf878bd,
R,0xcf87965,
W,0xcf87965,1
W,0x420,1175605066
R,0xcf878c5,
W,0xcf878c5,1
R,0xcf878c5,
R,0xcf87a35,
R,0xcf87a3d,
R,0xcf878c5,
R,0x8,
R,0xcf87a3d,
R,0xcf878c5,
R,0x8,
R,0xcf878d5,
W,0xcf878bd,1
R,0xcf87a3d,
R,0xcf878c5,
R,0x8,
R,0xcf878bd,
R,0xcf879dd,
R,0xcf878bd,
R,0xcf8793d,
W,0xcf8793d,1
W,0x100,1915105988
R,0xcf878c5,
W,0xcf878c5,2
R,0xcf878c5,
R,0xcf87a35,
R,0xcf87a3d,
R,0xcf878c5,
R,0x10,
R,0xcf87a3d,
R,0xcf878c5,
R,0x10,
R,0xcf878d5,
W,0xcf878bd,0
R,0xcf87a3d,
R,0xcf878c5,
R,0x10,
R,0xcf878bd,
R,0xcf879d5,
R,0xcf878bd,
R,0xcf87935,
W,0xcf87935,1
W,0x60,1247021962
R,0xcf878c5,
W,0xcf878c5,3
R,0xcf878c5,
R,0xcf87a35,
R,0xcf87a3d,
R,0xcf878c5,
R,0x18,
R,0xcf87a3d,
R,0xcf878c5,
R,0x18,
R,0xcf878d5,
W,0xcf878bd,0
R,0xcf87a3d,
R,0xcf878c5,
R,0x18,
R,0xcf878bd,
R,0xcf879d5,
R,0xcf878bd,
R,0xcf87935,
W,0xcf87935,2
W,0x68,1378028460
R,0xcf878c5,
W,0xcf878c5,4
R,0xcf878c5,
R,0xcf87a35,
R,0xcf87a3d,
R,0xcf878c5,
R,0x20,
R,0xcf87a3d,
R,0xcf878c5,
R,0x20,
R,0xcf878d5,
W,0xcf878bd,0
R,0xcf87a3d,
R,0xcf878c5,
R,0x20,
R,0xcf878bd,
R,0xcf879d5,
R,0xcf878bd,
R,0xcf87935,
W,0xcf87935,3
W,0x70,2103037817
R,0xcf878c5,
W,0xcf878c5,5
R,0xcf878c5,
R,0xcf87a35,
R,0xcf87a3d,
R,0xcf878c5,
R,0x28,
R,0xcf87a3d,
R,0xcf878c5,
R,0x28,
R,0xcf878d5,
W,0xcf878bd,0
R,0xcf87a3d,
R,0xcf878c5,
R,0x28,
R,0xcf878bd,
R,0xcf879d5,
R,0xcf878bd,
R,0xcf87935,
W,0xcf87935,4
W,0x78,1613041882
R,0xcf878c5,
W,0xcf878c5,6
R,0xcf878c5,
R,0xcf87a35,
R,0xcf87a3d,
R,0xcf878c5,
R,0x30,
R,0xcf87a3d,
R,0xcf878c5,
R,0x30,
R,0xcf878d5,
W,0xcf878bd,8
R,0xcf87a3d,
R,0xcf878c5,
R,0x30,
R,0xcf878bd,
R,0xcf87a15,
R,0xcf878bd,
R,0xcf87975,
W,0xcf87975,1
W,0x560,1837852668
R,0xcf878c5,
W,0xcf878c5,7
R,0xcf878c5,
R,0xcf87a35,
R,0xcf87a3d,
R,0xcf878c5,
R,0x38,
R,0xcf87a3d,
R,0xcf878c5,
R,0x38,
R,0xcf878d5,
W,0xcf878bd,2
R,0xcf87a3d,
R,0xcf878c5,
R,0x38,
R,0xcf878bd,
R,0xcf879e5,
R,0xcf878bd,
R,0xcf87945,
W,0xcf87945,1
W,0x1a0,1183265925
R,0xcf878c5,
W,0xcf878c5,8
R,0xcf878c5,
R,0xcf87a35,
R,0xcf87a3d,
R,0xcf878c5,
R,0x40,
R,0xcf87a3d,
R,0xcf878c5,
R,0x40,
R,0xcf878d5,
W,0xcf878bd,8
R,0xcf87a3d,
R,0xcf878c5,
R,0x40,
R,0xcf878bd,
R,0xcf87a15,
R,0xcf878bd,
R,0xcf87975,
W,0xcf87975,2
W,0x568,1247880576
R,0xcf878c5,
W,0xcf878c5,9
R,0xcf878c5,
R,0xcf87a35,
W,0xcf878ad,0
W,0xcf878a5,0
R,0xcf878a5,
R,0xcf878a5,
R,0xcf878e5,
W,0xcf8789d,0
R,0xcf8789d,
R,0xcf878a5,
W,0xcf878a5,1
R,0xcf878a5,
R,0xcf878a5,
R,0xcf878ed,
W,0xcf8789d,0
R,0xcf8789d,
R,0xcf878a5,
W,0xcf878a5,2
R,0xcf878a5,
R,0xcf878a5,
R,0xcf878f5,
W,0xcf8789d,0
R,0xcf8789d,
R,0xcf878a5,
W,0xcf878a5,3
R,0xcf878a5,
R,0xcf878a5,
R,0xcf878fd,
W,0xcf8789d,0
R,0xcf8789d,
R,0xcf878a5,
W,0xcf878a5,4
R,0xcf878a5,
R,0xcf878a5,
R,0xcf87905,
W,0xcf8789d,0
R,0xcf8789d,
R,0xcf878a5,
W,0xcf878a5,5
R,0xcf878a5,
R,0xcf878a5,
R,0xcf8790d,
W,0xcf8789d,0
R,0xcf8789d,
R,0xcf878a5,
W,0xcf878a5,6
R,0xcf878a5,
R,0xcf878a5,
R,0xcf87915,
W,0xcf8789d,0
R,0xcf8789d,
R,0xcf878a5,
W,0xcf878a5,7
R,0xcf878a5,
R,0xcf878a5,
R,0xcf8791d,
W,0xcf8789d,0
R,0xcf8789d,
R,0xcf878a5,
W,0xcf878a5,8
R,0xcf878a5,
R,0xcf878a5,
R,0xcf87925,
W,0xcf8789d,0
R,0xcf8789d,
R,0xcf878a5,
W,0xcf878a5,9
R,0xcf878a5,
R,0xcf878a5,
R,0xcf8792d,
W,0xcf8789d,0
R,0xcf8789d,
R,0xcf878a5,
W,0xcf878a5,10
R,0xcf878a5,
W,0xcf87895,0
R,0xcf87895,
W,0xcf8788d,0
R,0xcf8788d,
R,0xcf87895,
R,0xcf87935,
R,0xcf87895,
R,0xcf879d5,
R,0xcf8788d,
R,0x60,
R,0xcf87a3d,
R,0xcf878ad,
W,0xcf878ad,1
W,0x0,1247021962
R,0xcf8788d,
W,0xcf8788d,1
R,0xcf8788d,
R,0xcf87895,
R,0xcf87935,
R,0xcf87895,
R,0xcf879d5,
R,0xcf8788d,
R,0x68,
R,0xcf87a3d,
R,0xcf878ad,
W,0xcf878ad,2
W,0x8,1378028460
R,0xcf8788d,
W,0xcf8788d,2
R,0xcf8788d,
R,0xcf87895,
R,0xcf87935,
R,0xcf87895,
R,0xcf879d5,
R,0xcf8788d,
R,0x70,
R,0xcf87a3d,
R,0xcf878ad,
W,0xcf878ad,3
W,0x10,2103037817
R,0xcf8788d,
W,0xcf8788d,3
R,0xcf8788d,
R,0xcf87895,
R,0xcf87935,
R,0xcf87895,
R,0xcf879d5,
R,0xcf8788d,
R,0x78,
R,0xcf87a3d,
R,0xcf878ad,
W,0xcf878ad,4
W,0x18,1613041882
R,0xcf8788d,
W,0xcf8788d,4
R,0xcf8788d,
R,0xcf87895,
R,0xcf87935,
R,0xcf87895,
W,0xcf87895,1
R,0xcf87895,
W,0xcf8788d,0
R,0xcf8788d,
R,0xcf87895,
R,0xcf8793d,
R,0xcf87895,
R,0xcf879dd,
R,0xcf8788d,
R,0x100,
R,0xcf87a3d,
R,0xcf878ad,
W,0xcf878ad,5
W,0x20,1915105988
R,0xcf8788d,
W,0xcf8788d,1
R,0xcf8788d,
R,0xcf87895,
R,0xcf8793d,
R,0xcf87895,
W,0xcf87895,2
R,0xcf87895,
W,0xcf8788d,0
R,0xcf8788d,
R,0xcf87895,
R,0xcf87945,
R,0xcf87895,
R,0xcf879e5,
R,0xcf8788d,
R,0x1a0,
R,0xcf87a3d,
R,0xcf878ad,
W,0xcf878ad,6
W,0x28,1183265925
R,0xcf8788d,
W,0xcf8788d,1
R,0xcf8788d,
R,0xcf87895,
R,0xcf87945,
R,0xcf87895,
W,0xcf87895,3
R,0xcf87895,
W,0xcf8788d,0
R,0xcf8788d,
R,0xcf87895,
R,0xcf8794d,
R,0xcf87895,
W,0xcf87895,4
R,0xcf87895,
W,0xcf8788d,0
R,0xcf8788d,
R,0xcf87895,
R,0xcf87955,
R,0xcf87895,
W,0xcf87895,5
R,0xcf87895,
W,0xcf8788d,0
R,0xcf8788d,
R,0xcf87895,
R,0xcf8795d,
R,0xcf87895,
W,0xcf87895,6
R,0xcf87895,
W,0xcf8788d,0
R,0xcf8788d,
R,0xcf87895,
R,0xcf87965,
R,0xcf87895,
R,0xcf87a05,
R,0xcf8788d,
R,0x420,
R,0xcf87a3d,
R,0xcf878ad,
W,0xcf878ad,7
W,0x30,1175605066
R,0xcf8788d,
W,0xcf8788d,1
R,0xcf8788d,
R,0xcf87895,
R,0xcf87965,
R,0xcf87895,
W,0xcf87895,7
R,0xcf87895,
W,0xcf8788d,0
R,0xcf8788d,
R,0xcf87895,
R,0xcf8796d,
R,0xcf87895,
W,0xcf87895,8
R,0xcf87895,
W,0xcf8788d,0
R,0xcf8788d,
R,0xcf87895,
R,0xcf87975,
R,0xcf87895,
R,0xcf87a15,
R,0xcf8788d,
R,0x560,
R,0xcf87a3d,
R,0xcf878ad,
W,0xcf878ad,8
W,0x38,1837852668
R,0xcf8788d,
W,0xcf8788d,1
R,0xcf8788d,
R,0xcf87895,
R,0xcf87975,
R,0xcf87895,
R,0xcf87a15,
R,0xcf8788d,
R,0x568,
R,0xcf87a3d,
R,0xcf878ad,
W,0xcf878ad,9
W,0x40,1247880576
R,0xcf8788d,
W,0xcf8788d,2
R,0xcf8788d,
R,0xcf87895,
R,0xcf87975,
R,0xcf87895,
W,0xcf87895,9
R,0xcf87895,
W,0xcf8788d,0
R,0xcf8788d,
R,0xcf87895,
R,0xcf8797d,
R,0xcf87895,
W,0xcf87895,10
R,0xcf87895,
R,0xcf878d5,
W,0xcf878d5,6
R,0xcf878d5,
R,0xcf87a2d,
W,0xcf878cd,0
R,0xcf878cd,
R,0xcf878cd,
W,0xcf87935,0
R,0xcf878cd,
W,0xcf878e5,0
R,0xcf878cd,
W,0xcf878cd,1
R,0xcf878cd,
R,0xcf878cd,
W,0xcf8793d,0
R,0xcf878cd,
W,0xcf878ed,0
R,0xcf878cd,
W,0xcf878cd,2
R,0xcf878cd,
R,0xcf878cd,
W,0xcf87945,0
R,0xcf878cd,
W,0xcf878f5,0
R,0xcf878cd,
W,0xcf878cd,3
R,0xcf878cd,
R,0xcf878cd,
W,0xcf8794d,0
R,0xcf878cd,
W,0xcf878fd,0
R,0xcf878cd,
W,0xcf878cd,4
R,0xcf878cd,
R,0xcf878cd,
W,0xcf87955,0
R,0xcf878cd,
W,0xcf87905,0
R,0xcf878cd,
W,0xcf878cd,5
R,0xcf878cd,
R,0xcf878cd,
W,0xcf8795d,0
R,0xcf878cd,
W,0xcf8790d,0
R,0xcf878cd,
W,0xcf878cd,6
R,0xcf878cd,
R,0xcf878cd,
W,0xcf87965,0
R,0xcf878cd,
W,0xcf87915,0
R,0xcf878cd,
W,0xcf878cd,7
R,0xcf878cd,
R,0xcf878cd,
W,0xcf8796d,0
R,0xcf878cd,
W,0xcf8791d,0
R,0xcf878cd,
W,0xcf878cd,8
R,0xcf878cd,
R,0xcf878cd,
W,0xcf87975,0
R,0xcf878cd,
W,0xcf87925,0
R,0xcf878cd,
W,0xcf878cd,9
R,0xcf878cd,
R,0xcf878cd,
W,0xcf8797d,0
R,0xcf878cd,
W,0xcf8792d,0
R,0xcf878cd,
W,0xcf878cd,10
R,0xcf878cd,
W,0xcf878c5,0
R,0xcf878c5,
R,0xcf87a35,
R,0xcf87a3d,
R,0xcf878c5,
R,0x0,
R,0xcf87a3d,
R,0xcf878c5,
R,0x0,
R,0xcf878d5,
W,0xcf878bd,7
R,0xcf87a3d,
R,0xcf878c5,
R,0x0,
R,0xcf878bd,
R,0xcf87a0d,
R,0xcf878bd,
R,0xcf8796d,
W,0xcf8796d,1
W,0x4c0,1247021962
R,0xcf878c5,
W,0xcf878c5,1
R,0xcf878c5,
R,0xcf87a35,
R,0xcf87a3d,
R,0xcf878c5,
R,0x8,
R,0xcf87a3d,
R,0xcf878c5,
R,0x8,
R,0xcf878d5,
W,0xcf878bd,8
R,0xcf87a3d,
R,0xcf878c5,
R,0x8,
R,0xcf878bd,
R,0xcf87a15,
R,0xcf878bd,
R,0xcf87975,
W,0xcf87975,1
W,0x560,1378028460
R,0xcf878c5,
W,0xcf878c5,2
R,0xcf878c5,
R,0xcf87a35,
R,0xcf87a3d,
R,0xcf878c5,
R,0x10,
R,0xcf87a3d,
R,0xcf878c5,
R,0x10,
R,0xcf878d5,
W,0xcf878bd,3
R,0xcf87a3d,
R,0xcf878c5,
R,0x10,
R,0xcf878bd,
R,0xcf879ed,
R,0xcf878bd,
R,0xcf8794d,
W,0xcf8794d,1
W,0x240,2103037817
R,0xcf878c5,
W,0xcf878c5,3
R,0xcf878c5,
R,0xcf87a35,
R,0xcf87a3d,
R,0xcf878c5,
R,0x18,
R,0xcf87a3d,
R,0xcf878c5,
R,0x18,
R,0xcf878d5,
W,0xcf878bd,3
R,0xcf87a3d,
R,0xcf878c5,
R,0x18,
R,0xcf878bd,
R,0xcf879ed,
R,0xcf878bd,
R,0xcf8794d,
W,0xcf8794d,2
W,0x248,1613041882
R,0xcf878c5,
W,0xcf878c5,4
R,0xcf878c5,
R,0xcf87a35,
R,0xcf87a3d,
R,0xcf878c5,
R,0x20,
R,0xcf87a3d,
R,0xcf878c5,
R,0x20,
R,0xcf878d5,
W,0xcf878bd,5
R,0xcf87a3d,
R,0xcf878c5,
R,0x20,
R,0xcf878bd,
R,0xcf879fd,
R,0xcf878bd,
R,0xcf8795d,
W,0xcf8795d,1
W,0x380,1915105988
R,0xcf878c5,
W,0xcf878c5,5
R,0xcf878c5,
R,0xcf87a35,
R,0xcf87a3d,
R,0xcf878c5,
R,0x28,
R,0xcf87a3d,
R,0xcf878c5,
R,0x28,
R,0xcf878d5,
W,0xcf878bd,3
R,0xcf87a3d,
R,0xcf878c5,
R,0x28,
R,0xcf878bd,
R,0xcf879ed,
R,0xcf878bd,
R,0xcf8794d,
W,0xcf8794d,3
W,0x250,1183265925
R,0xcf878c5,
W,0xcf878c5,6
R,0xcf878c5,
R,0xcf87a35,
R,0xcf87a3d,
R,0xcf878c5,
R,0x30,
R,0xcf87a3d,
R,0xcf878c5,
R,0x30,
R,0xcf878d5,
W,0xcf878bd,5
R,0xcf87a3d,
R,0xcf878c5,
R,0x30,
R,0xcf878bd,
R,0xcf879fd,
R,0xcf878bd,
R,0xcf8795d,
W,0xcf8795d,2
W,0x388,1175605066
R,0xcf878c5,
W,0xcf878c5,7
R,0xcf878c5,
R,0xcf87a35,
R,0xcf87a3d,
R,0xcf878c5,
R,0x38,
R,0xcf87a3d,
R,0xcf878c5,
R,0x38,
R,0xcf878d5,
W,0xcf878bd,7
R,0xcf87a3d,
R,0xcf878c5,
R,0x38,
R,0xcf878bd,
R,0xcf87a0d,
R,0xcf878bd,
R,0xcf8796d,
W,0xcf8796d,2
W,0x4c8,1837852668
R,0xcf878c5,
W,0xcf878c5,8
R,0xcf878c5,
R,0xcf87a35,
R,0xcf87a3d,
R,0xcf878c5,
R,0x40,
R,0xcf87a3d,
R,0xcf878c5,
R,0x40,
R,0xcf878d5,
W,0xcf878bd,7
R,0xcf87a3d,
R,0xcf878c5,
R,0x40,
R,0xcf878bd,
R,0xcf87a0d,
R,0xcf878bd,
R,0xcf8796d,
W,0xcf8796d,3
W,0x4d0,1247880576
R,0xcf878c5,
W,0xcf878c5,9
R,0xcf878c5,
R,0xcf87a35,
W,0xcf878ad,0
W,0xcf878a5,0
R,0xcf878a5,
R,0xcf878a5,
R,0xcf878e5,
W,0xcf8789d,0
R,0xcf8789d,
R,0xcf878a5,
W,0xcf878a5,1
R,0xcf878a5,
R,0xcf878a5,
R,0xcf878ed,
W,0xcf8789d,0
R,0xcf8789d,
R,0xcf878a5,
W,0xcf878a5,2
R,0xcf878a5,
R,0xcf878a5,
R,0xcf878f5,
W,0xcf8789d,0
R,0xcf8789d,
R,0xcf878a5,
W,0xcf878a5,3
R,0xcf878a5,
R,0xcf878a5,
R,0xcf878fd,
W,0xcf8789d,0
R,0xcf8789d,
R,0xcf878a5,
W,0xcf878a5,4
R,0xcf878a5,
R,0xcf878a5,
R,0xcf87905,
W,0xcf8789d,0
R,0xcf8789d,
R,0xcf878a5,
W,0xcf878a5,5
R,0xcf878a5,
R,0xcf878a5,
R,0xcf8790d,
W,0xcf8789d,0
R,0xcf8789d,
R,0xcf878a5,
W,0xcf878a5,6
R,0xcf878a5,
R,0xcf878a5,
R,0xcf87915,
W,0xcf8789d,0
R,0xcf8789d,
R,0xcf878a5,
W,0xcf878a5,7
R,0xcf878a5,
R,0xcf878a5,
R,0xcf8791d,
W,0xcf8789d,0
R,0xcf8789d,
R,0xcf878a5,
W,0xcf878a5,8
R,0xcf878a5,
R,0xcf878a5,
R,0xcf87925,
W,0xcf8789d,0
R,0xcf8789d,
R,0xcf878a5,
W,0xcf878a5,9
R,0xcf878a5,
R,0xcf878a5,
R,0xcf8792d,
W,0xcf8789d,0
R,0xcf8789d,
R,0xcf878a5,
W,0xcf878a5,10
R,0xcf878a5,
W,0xcf87895,0
R,0xcf87895,
W,0xcf8788d,0
R,0xcf8788d,
R,0xcf87895,
R,0xcf87935,
R,0xcf87895,
W,0xcf87895,1
R,0xcf87895,
W,0xcf8788d,0
R,0xcf8788d,
R,0xcf87895,
R,0xcf8793d,
R,0xcf87895,
W,0xcf87895,2
R,0xcf87895,
W,0xcf8788d,0
R,0xcf8788d,
R,0xcf87895,
R,0xcf87945,
R,0xcf87895,
W,0xcf87895,3
R,0xcf87895,
W,0xcf8788d,0
R,0xcf8788d,
R,0xcf87895,
R,0xcf8794d,
R,0xcf87895,
R,0xcf879ed,
R,0xcf8788d,
R,0x240,
R,0xcf87a3d,
R,0xcf878ad,
W,0xcf878ad,1
W,0x0,2103037817
R,0xcf8788d,
W,0xcf8788d,1
R,0xcf8788d,
R,0xcf87895,
R,0xcf8794d,
R,0xcf87895,
R,0xcf879ed,
R,0xcf8788d,
R,0x248,
R,0xcf87a3d,
R,0xcf878ad,
W,0xcf878ad,2
W,0x8,1613041882
R,0xcf8788d,
W,0xcf8788d,2
R,0xcf8788d,
R,0xcf87895,
R,0xcf8794d,
R,0xcf87895,
R,0xcf879ed,
R,0xcf8788d,
R,0x250,
R,0xcf87a3d,
R,0xcf878ad,
W,0xcf878ad,3
W,0x10,1183265925
R,0xcf8788d,
W,0xcf8788d,3
R,0xcf8788d,
R,0xcf87895,
R,0xcf8794d,
R,0xcf87895,
W,0xcf87895,4
R,0xcf87895,
W,0xcf8788d,0
R,0xcf8788d,
R,0xcf87895,
R,0xcf87955,
R,0xcf87895,
W,0xcf87895,5
R,0xcf87895,
W,0xcf8788d,0
R,0xcf8788d,
R,0xcf87895,
R,0xcf8795d,
R,0xcf87895,
R,0xcf879fd,
R,0xcf8788d,
R,0x380,
R,0xcf87a3d,
R,0xcf878ad,
W,0xcf878ad,4
W,0x18,1915105988
R,0xcf8788d,
W,0xcf8788d,1
R,0xcf8788d,
R,0xcf87895,
R,0xcf8795d,
R,0xcf87895,
R,0xcf879fd,
R,0xcf8788d,
R,0x388,
R,0xcf87a3d,
R,0xcf878ad,
W,0xcf878ad,5
W,0x20,1175605066
R,0xcf8788d,
W,0xcf8788d,2
R,0xcf8788d,
R,0xcf87895,
R,0xcf8795d,
R,0xcf87895,
W,0xcf87895,6
R,0xcf87895,
W,0xcf8788d,0
R,0xcf8788d,
R,0xcf87895,
R,0xcf87965,
R,0xcf87895,
W,0xcf87895,7
R,0xcf87895,
W,0xcf8788d,0
R,0xcf8788d,
R,0xcf87895,
R,0xcf8796d,
R,0xcf87895,
R,0xcf87a0d,
R,0xcf8788d,
R,0x4c0,
R,0xcf87a3d,
R,0xcf878ad,
W,0xcf878ad,6
W,0x28,1247021962
R,0xcf8788d,
W,0xcf8788d,1
R,0xcf8788d,
R,0xcf87895,
R,0xcf8796d,
R,0xcf87895,
R,0xcf87a0d,
R,0xcf8788d,
R,0x4c8,
R,0xcf87a3d,
R,0xcf878ad,
W,0xcf878ad,7
W,0x30,1837852668
R,0xcf8788d,
W,0xcf8788d,2
R,0xcf8788d,
R,0xcf87895,
R,0xcf8796d,
R,0xcf87895,
R,0xcf87a0d,
R,0xcf8788d,
R,0x4d0,
R,0xcf87a3d,
R,0xcf878ad,
W,0xcf878ad,8
W,0x38,1247880576
R,0xcf8788d,
W,0xcf8788d,3
R,0xcf8788d,
R,0xcf87895,
R,0xcf8796d,
R,0xcf87895,
W,0xcf87895,8
R,0xcf87895,
W,0xcf8788d,0
R,0xcf8788d,
R,0xcf87895,
R,0xcf87975,
R,0xcf87895,
R,0xcf87a15,
R,0xcf8788d,
R,0x560,
R,0xcf87a3d,
R,0xcf878ad,
W,0xcf878ad,9
W,0x40,1378028460
R,0xcf8788d,
W,0xcf8788d,1
R,0xcf8788d,
R,0xcf87895,
R,0xcf87975,
R,0xcf87895,
W,0xcf87895,9
R,0xcf87895,
W,0xcf8788d,0
R,0xcf8788d,
R,0xcf87895,
R,0xcf8797d,
R,0xcf87895,
W,0xcf87895,10
R,0xcf87895,
R,0xcf878d5,
W,0xcf878d5,7
R,0xcf878d5,
R,0xcf87a2d,
W,0xcf878cd,0
R,0xcf878cd,
R,0xcf878cd,
W,0xcf87935,0
R,0xcf878cd,
W,0xcf878e5,0
R,0xcf878cd,
W,0xcf878cd,1
R,0xcf878cd,
R,0xcf878cd,
W,0xcf8793d,0
R,0xcf878cd,
W,0xcf878ed,0
R,0xcf878cd,
W,0xcf878cd,2
R,0xcf878cd,
R,0xcf878cd,
W,0xcf87945,0
R,0xcf878cd,
W,0xcf878f5,0
R,0xcf878cd,
W,0xcf878cd,3
R,0xcf878cd,
R,0xcf878cd,
W,0xcf8794d,0
R,0xcf878cd,
W,0xcf878fd,0
R,0xcf878cd,
W,0xcf878cd,4
R,0xcf878cd,
R,0xcf878cd,
W,0xcf87955,0
R,0xcf878cd,
W,0xcf87905,0
R,0xcf878cd,
W,0xcf878cd,5
R,0xcf878cd,
R,0xcf878cd,
W,0xcf8795d,0
R,0xcf878cd,
W,0xcf8790d,0
R,0xcf878cd,
W,0xcf878cd,6
R,0xcf878cd,
R,0xcf878cd,
W,0xcf87965,0
R,0xcf878cd,
W,0xcf87915,0
R,0xcf878cd,
W,0xcf878cd,7
R,0xcf878cd,
R,0xcf878cd,
W,0xcf8796d,0
R,0xcf878cd,
W,0xcf8791d,0
R,0xcf878cd,
W,0xcf878cd,8
R,0xcf878cd,
R,0xcf878cd,
W,0xcf87975,0
R,0xcf878cd,
W,0xcf87925,0
R,0xcf878cd,
W,0xcf878cd,9
R,0xcf878cd,
R,0xcf878cd,
W,0xcf8797d,0
R,0xcf878cd,
W,0xcf8792d,0
R,0xcf878cd,
W,0xcf878cd,10
R,0xcf878cd,
W,0xcf878c5,0
R,0xcf878c5,
R,0xcf87a35,
R,0xcf87a3d,
R,0xcf878c5,
R,0x0,
R,0xcf87a3d,
R,0xcf878c5,
R,0x0,
R,0xcf878d5,
W,0xcf878bd,0
R,0xcf87a3d,
R,0xcf878c5,
R,0x0,
R,0xcf878bd,
R,0xcf879d5,
R,0xcf878bd,
R,0xcf87935,
W,0xcf87935,1
W,0x60,2103037817
R,0xcf878c5,
W,0xcf878c5,1
R,0xcf878c5,
R,0xcf87a35,
R,0xcf87a3d,
R,0xcf878c5,
R,0x8,
R,0xcf87a3d,
R,0xcf878c5,
R,0x8,
R,0xcf878d5,
W,0xcf878bd,1
R,0xcf87a3d,
R,0xcf878c5,
R,0x8,
R,0xcf878bd,
R,0xcf879dd,
R,0xcf878bd,
R,0xcf8793d,
W,0xcf8793d,1
W,0x100,1613041882
R,0xcf878c5,
W,0xcf878c5,2
R,0xcf878c5,
R,0xcf87a35,
R,0xcf87a3d,
R,0xcf878c5,
R,0x10,
R,0xcf87a3d,
R,0xcf878c5,
R,0x10,
R,0xcf878d5,
W,0xcf878bd,8
R,0xcf87a3d,
R,0xcf878c5,
R,0x10,
R,0xcf878bd,
R,0xcf87a15,
R,0xcf878bd,
R,0xcf87975,
W,0xcf87975,1
W,0x560,1183265925
R,0xcf878c5,
W,0xcf878c5,3
R,0xcf878c5,
R,0xcf87a35,
R,0xcf87a3d,
R,0xcf878c5,
R,0x18,
R,0xcf87a3d,
R,0xcf878c5,
R,0x18,
R,0xcf878d5,
W,0xcf878bd,1
R,0xcf87a3d,
R,0xcf878c5,
R,0x18,
R,0xcf878bd,
R,0xcf879dd,
R,0xcf878bd,
R,0xcf8793d,
W,0xcf8793d,2
W,0x108,1915105988
R,0xcf878c5,
W,0xcf878c5,4
R,0xcf878c5,
R,0xcf87a35,
R,0xcf87a3d,
R,0xcf878c5,
R,0x20,
R,0xcf87a3d,
R,0xcf878c5,
R,0x20,
R,0xcf878d5,
W,0xcf878bd,7
R,0xcf87a3d,
R,0xcf878c5,
R,0x20,
R,0xcf878bd,
R,0xcf87a0d,
R,0xcf878bd,
R,0xcf8796d,
W,0xcf8796d,1
W,0x4c0,1175605066
R,0xcf878c5,
W,0xcf878c5,5
R,0xcf878c5,
R,0xcf87a35,
R,0xcf87a3d,
R,0xcf878c5,
R,0x28,
R,0xcf87a3d,
R,0xcf878c5,
R,0x28,
R,0xcf878d5,
W,0xcf878bd,4
R,0xcf87a3d,
R,0xcf878c5,
R,0x28,
R,0xcf878bd,
R,0xcf879f5,
R,0xcf878bd,
R,0xcf87955,
W,0xcf87955,1
W,0x2e0,1247021962
R,0xcf878c5,
W,0xcf878c5,6
R,0xcf878c5,
R,0xcf87a35,
R,0xcf87a3d,
R,0xcf878c5,
R,0x30,
R,0xcf87a3d,
R,0xcf878c5,
R,0x30,
R,0xcf878d5,
W,0xcf878bd,3
R,0xcf87a3d,
R,0xcf878c5,
R,0x30,
R,0xcf878bd,
R,0xcf879ed,
R,0xcf878bd,
R,0xcf8794d,
W,0xcf8794d,1
W,0x240,1837852668
R,0xcf878c5,
W,0xcf878c5,7
R,0xcf878c5,
R,0xcf87a35,
R,0xcf87a3d,
R,0xcf878c5,
R,0x38,
R,0xcf87a3d,
R,0xcf878c5,
R,0x38,
R,0xcf878d5,
W,0xcf878bd,4
R,0xcf87a3d,
R,0xcf878c5,
R,0x38,
R,0xcf878bd,
R,0xcf879f5,
R,0xcf878bd,
R,0xcf87955,
W,0xcf87955,2
W,0x2e8,1247880576
R,0xcf878c5,
W,0xcf878c5,8
R,0xcf878c5,
R,0xcf87a35,
R,0xcf87a3d,
R,0xcf878c5,
R,0x40,
R,0xcf87a3d,
R,0xcf878c5,
R,0x40,
R,0xcf878d5,
W,0xcf878bd,7
R,0xcf87a3d,
R,0xcf878c5,
R,0x40,
R,0xcf878bd,
R,0xcf87a0d,
R,0xcf878bd,
R,0xcf8796d,
W,0xcf8796d,2
W,0x4c8,1378028460
R,0xcf878c5,
W,0xcf878c5,9
R,0xcf878c5,
R,0xcf87a35,
W,0xcf878ad,0
W,0xcf878a5,0
R,0xcf878a5,
R,0xcf878a5,
R,0xcf878e5,
W,0xcf8789d,0
R,0xcf8789d,
R,0xcf878a5,
W,0xcf878a5,1
R,0xcf878a5,
R,0xcf878a5,
R,0xcf878ed,
W,0xcf8789d,0
R,0xcf8789d,
R,0xcf878a5,
W,0xcf878a5,2
R,0xcf878a5,
R,0xcf878a5,
R,0xcf878f5,
W,0xcf8789d,0
R,0xcf8789d,
R,0xcf878a5,
W,0xcf878a5,3
R,0xcf878a5,
R,0xcf878a5,
R,0xcf878fd,
W,0xcf8789d,0
R,0xcf8789d,
R,0xcf878a5,
W,0xcf878a5,4
R,0xcf878a5,
R,0xcf878a5,
R,0xcf87905,
W,0xcf8789d,0
R,0xcf8789d,
R,0xcf878a5,
W,0xcf878a5,5
R,0xcf878a5,
R,0xcf878a5,
R,0xcf8790d,
W,0xcf8789d,0
R,0xcf8789d,
R,0xcf878a5,
W,0xcf878a5,6
R,0xcf878a5,
R,0xcf878a5,
R,0xcf87915,
W,0xcf8789d,0
R,0xcf8789d,
R,0xcf878a5,
W,0xcf878a5,7
R,0xcf878a5,
R,0xcf878a5,
R,0xcf8791d,
W,0xcf8789d,0
R,0xcf8789d,
R,0xcf878a5,
W,0xcf878a5,8
R,0xcf878a5,
R,0xcf878a5,
R,0xcf87925,
W,0xcf8789d,0
R,0xcf8789d,
R,0xcf878a5,
W,0xcf878a5,9
R,0xcf878a5,
R,0xcf878a5,
R,0xcf8792d,
W,0xcf8789d,0
R,0xcf8789d,
R,0xcf878a5,
W,0xcf878a5,10
R,0xcf878a5,
W,0xcf87895,0
R,0xcf87895,
W,0xcf8788d,0
R,0xcf8788d,
R,0xcf87895,
R,0xcf87935,
R,0xcf87895,
R,0xcf879d5,
R,0xcf8788d,
R,0x60,
R,0xcf87a3d,
R,0xcf878ad,
W,0xcf878ad,1
W,0x0,2103037817
R,0xcf8788d,
W,0xcf8788d,1
R,0xcf8788d,
R,0xcf87895,
R,0xcf87935,
R,0xcf87895,
W,0xcf87895,1
R,0xcf87895,
W,0xcf8788d,0
R,0xcf8788d,
R,0xcf87895,
R,0xcf8793d,
R,0xcf87895,
R,0xcf879dd,
R,0xcf8788d,
R,0x100,
R,0xcf87a3d,
R,0xcf878ad,
W,0xcf878ad,2
W,0x8,1613041882
R,0xcf8788d,
W,0xcf8788d,1
R,0xcf8788d,
R,0xcf87895,
R,0xcf8793d,
R,0xcf87895,
R,0xcf879dd,
R,0xcf8788d,
R,0x108,
R,0xcf87a3d,
R,0xcf878ad,
W,0xcf878ad,3
W,0x10,1915105988
R,0xcf8788d,
W,0xcf8788d,2
R,0xcf8788d,
R,0xcf87895,
R,0xcf8793d,
R,0xcf87895,
W,0xcf87895,2
R,0xcf87895,
W,0xcf8788d,0
R,0xcf8788d,
R,0xcf87895,
R,0xcf87945,
R,0xcf87895,
W,0xcf87895,3
R,0xcf87895,
W,0xcf8788d,0
R,0xcf8788d,
R,0xcf87895,
R,0xcf8794d,
R,0xcf87895,
R,0xcf879ed,
R,0xcf8788d,
R,0x240,
R,0xcf87a3d,
R,0xcf878ad,
W,0xcf878ad,4
W,0x18,1837852668
R,0xcf8788d,
W,0xcf8788d,1
R,0xcf8788d,
R,0xcf87895,
R,0xcf8794d,
R,0xcf87895,
W,0xcf87895,4
R,0xcf87895,
W,0xcf8788d,0
R,0xcf8788d,
R,0xcf87895,
R,0xcf87955,
R,0xcf87895,
R,0xcf879f5,
R,0xcf8788d,
R,0x2e0,
R,0xcf87a3d,
R,0xcf878ad,
W,0xcf878ad,5
W,0x20,1247021962
R,0xcf8788d,
W,0xcf8788d,1
R,0xcf8788d,
R,0xcf87895,
R,0xcf87955,
R,0xcf87895,
R,0xcf879f5,
R,0xcf8788d,
R,0x2e8,
R,0xcf87a3d,
R,0xcf878ad,
W,0xcf878ad,6
W,0x28,1247880576
R,0xcf8788d,
W,0xcf8788d,2
R,0xcf8788d,
R,0xcf87895,
R,0xcf87955,
R,0xcf87895,
W,0xcf87895,5
R,0xcf87895,
W,0xcf8788d,0
R,0xcf8788d,
R,0xcf87895,
R,0xcf8795d,
R,0xcf87895,
W,0xcf87895,6
R,0xcf87895,
W,0xcf8788d,0
R,0xcf8788d,
R,0xcf87895,
R,0xcf87965,
R,0xcf87895,
W,0xcf87895,7
R,0xcf87895,
W,0xcf8788d,0
R,0xcf8788d,
R,0xcf87895,
R,0xcf8796d,
R,0xcf87895,
R,0xcf87a0d,
R,0xcf8788d,
R,0x4c0,
R,0xcf87a3d,
R,0xcf878ad,
W,0xcf878ad,7
W,0x30,1175605066
R,0xcf8788d,
W,0xcf8788d,1
R,0xcf8788d,
R,0xcf87895,
R,0xcf8796d,
R,0xcf87895,
R,0xcf87a0d,
R,0xcf8788d,
R,0x4c8,
R,0xcf87a3d,
R,0xcf878ad,
W,0xcf878ad,8
W,0x38,1378028460
R,0xcf8788d,
W,0xcf8788d,2
R,0xcf8788d,
R,0xcf87895,
R,0xcf8796d,
R,0xcf87895,
W,0xcf87895,8
R,0xcf87895,
W,0xcf8788d,0
R,0xcf8788d,
R,0xcf87895,
R,0xcf87975,
R,0xcf87895,
R,0xcf87a15,
R,0xcf8788d,
R,0x560,
R,0xcf87a3d,
R,0xcf878ad,
W,0xcf878ad,9
W,0x40,1183265925
R,0xcf8788d,
W,0xcf8788d,1
R,0xcf8788d,
R,0xcf87895,
R,0xcf87975,
R,0xcf87895,
W,0xcf87895,9
R,0xcf87895,
W,0xcf8788d,0
R,0xcf8788d,
R,0xcf87895,
R,0xcf8797d,
R,0xcf87895,
W,0xcf87895,10
R,0xcf87895,
R,0xcf878d5,
W,0xcf878d5,8
R,0xcf878d5,
R,0xcf87a2d,
W,0xcf878cd,0
R,0xcf878cd,
R,0xcf878cd,
W,0xcf87935,0
R,0xcf878cd,
W,0xcf878e5,0
R,0xcf878cd,
W,0xcf878cd,1
R,0xcf878cd,
R,0xcf878cd,
W,0xcf8793d,0
R,0xcf878cd,
W,0xcf878ed,0
R,0xcf878cd,
W,0xcf878cd,2
R,0xcf878cd,
R,0xcf878cd,
W,0xcf87945,0
R,0xcf878cd,
W,0xcf878f5,0
R,0xcf878cd,
W,0xcf878cd,3
R,0xcf878cd,
R,0xcf878cd,
W,0xcf8794d,0
R,0xcf878cd,
W,0xcf878fd,0
R,0xcf878cd,
W,0xcf878cd,4
R,0xcf878cd,
R,0xcf878cd,
W,0xcf87955,0
R,0xcf878cd,
W,0xcf87905,0
R,0xcf878cd,
W,0xcf878cd,5
R,0xcf878cd,
R,0xcf878cd,
W,0xcf8795d,0
R,0xcf878cd,
W,0xcf8790d,0
R,0xcf878cd,
W,0xcf878cd,6
R,0xcf878cd,
R,0xcf878cd,
W,0xcf87965,0
R,0xcf878cd,
W,0xcf87915,0
R,0xcf878cd,
W,0xcf878cd,7
R,0xcf878cd,
R,0xcf878cd,
W,0xcf8796d,0
R,0xcf878cd,
W,0xcf8791d,0
R,0xcf878cd,
W,0xcf878cd,8
R,0xcf878cd,
R,0xcf878cd,
W,0xcf87975,0
R,0xcf878cd,
W,0xcf87925,0
R,0xcf878cd,
W,0xcf878cd,9
R,0xcf878cd,
R,0xcf878cd,
W,0xcf8797d,0
R,0xcf878cd,
W,0xcf8792d,0
R,0xcf878cd,
W,0xcf878cd,10
R,0xcf878cd,
W,0xcf878c5,0
R,0xcf878c5,
R,0xcf87a35,
R,0xcf87a3d,
R,0xcf878c5,
R,0x0,
R,0xcf87a3d,
R,0xcf878c5,
R,0x0,
R,0xcf878d5,
W,0xcf878bd,1
R,0xcf87a3d,
R,0xcf878c5,
R,0x0,
R,0xcf878bd,
R,0xcf879dd,
R,0xcf878bd,
R,0xcf8793d,
W,0xcf8793d,1
W,0x100,2103037817
R,0xcf878c5,
W,0xcf878c5,1
R,0xcf878c5,
R,0xcf87a35,
R,0xcf87a3d,
R,0xcf878c5,
R,0x8,
R,0xcf87a3d,
R,0xcf878c5,
R,0x8,
R,0xcf878d5,
W,0xcf878bd,6
R,0xcf87a3d,
R,0xcf878c5,
R,0x8,
R,0xcf878bd,
R,0xcf87a05,
R,0xcf878bd,
R,0xcf87965,
W,0xcf87965,1
W,0x420,1613041882
R,0xcf878c5,
W,0xcf878c5,2
R,0xcf878c5,
R,0xcf87a35,
R,0xcf87a3d,
R,0xcf878c5,
R,0x10,
R,0xcf87a3d,
R,0xcf878c5,
R,0x10,
R,0xcf878d5,
W,0xcf878bd,9
R,0xcf87a3d,
R,0xcf878c5,
R,0x10,
R,0xcf878bd,
R,0xcf87a1d,
R,0xcf878bd,
R,0xcf8797d,
W,0xcf8797d,1
W,0x600,1915105988
R,0xcf878c5,
W,0xcf878c5,3
R,0xcf878c5,
R,0xcf87a35,
R,0xcf87a3d,
R,0xcf878c5,
R,0x18,
R,0xcf87a3d,
R,0xcf878c5,
R,0x18,
R,0xcf878d5,
W,0xcf878bd,8
R,0xcf87a3d,
R,0xcf878c5,
R,0x18,
R,0xcf878bd,
R,0xcf87a15,
R,0xcf878bd,
R,0xcf87975,
W,0xcf87975,1
W,0x560,1837852668
R,0xcf878c5,
W,0xcf878c5,4
R,0xcf878c5,
R,0xcf87a35,
R,0xcf87a3d,
R,0xcf878c5,
R,0x20,
R,0xcf87a3d,
R,0xcf878c5,
R,0x20,
R,0xcf878d5,
W,0xcf878bd,2
R,0xcf87a3d,
R,0xcf878c5,
R,0x20,
R,0xcf878bd,
R,0xcf879e5,
R,0xcf878bd,
R,0xcf87945,
W,0xcf87945,1
W,0x1a0,1247021962
R,0xcf878c5,
W,0xcf878c5,5
R,0xcf878c5,
R,0xcf87a35,
R,0xcf87a3d,
R,0xcf878c5,
R,0x28,
R,0xcf87a3d,
R,0xcf878c5,
R,0x28,
R,0xcf878d5,
W,0xcf878bd,2
R,0xcf87a3d,
R,0xcf878c5,
R,0x28,
R,0xcf878bd,
R,0xcf879e5,
R,0xcf878bd,
R,0xcf87945,
W,0xcf87945,2
W,0x1a8,1247880576
R,0xcf878c5,
W,0xcf878c5,6
R,0xcf878c5,
R,0xcf87a35,
R,0xcf87a3d,
R,0xcf878c5,
R,0x30,
R,0xcf87a3d,
R,0xcf878c5,
R,0x30,
R,0xcf878d5,
W,0xcf878bd,1
R,0xcf87a3d,
R,0xcf878c5,
R,0x30,
R,0xcf878bd,
R,0xcf879dd,
R,0xcf878bd,
R,0xcf8793d,
W,0xcf8793d,2
W,0x108,1175605066
R,0xcf878c5,
W,0xcf878c5,7
R,0xcf878c5,
R,0xcf87a35,
R,0xcf87a3d,
R,0xcf878c5,
R,0x38,
R,0xcf87a3d,
R,0xcf878c5,
R,0x38,
R,0xcf878d5,
W,0xcf878bd,3
R,0xcf87a3d,
R,0xcf878c5,
R,0x38,
R,0xcf878bd,
R,0xcf879ed,
R,0xcf878bd,
R,0xcf8794d,
W,0xcf8794d,1
W,0x240,1378028460
R,0xcf878c5,
W,0xcf878c5,8
R,0xcf878c5,
R,0xcf87a35,
R,0xcf87a3d,
R,0xcf878c5,
R,0x40,
R,0xcf87a3d,
R,0xcf878c5,
R,0x40,
R,0xcf878d5,
W,0xcf878bd,1
R,0xcf87a3d,
R,0xcf878c5,
R,0x40,
R,0xcf878bd,
R,0xcf879dd,
R,0xcf878bd,
R,0xcf8793d,
W,0xcf8793d,3
W,0x110,1183265925
R,0xcf878c5,
W,0xcf878c5,9
R,0xcf878c5,
R,0xcf87a35,
W,0xcf878ad,0
W,0xcf878a5,0
R,0xcf878a5,
R,0xcf878a5,
R,0xcf878e5,
W,0xcf8789d,0
R,0xcf8789d,
R,0xcf878a5,
W,0xcf878a5,1
R,0xcf878a5,
R,0xcf878a5,
R,0xcf878ed,
W,0xcf8789d,0
R,0xcf8789d,
R,0xcf878a5,
W,0xcf878a5,2
R,0xcf878a5,
R,0xcf878a5,
R,0xcf878f5,
W,0xcf8789d,0
R,0xcf8789d,
R,0xcf878a5,
W,0xcf878a5,3
R,0xcf878a5,
R,0xcf878a5,
R,0xcf878fd,
W,0xcf8789d,0
R,0xcf8789d,
R,0xcf878a5,
W,0xcf878a5,4
R,0xcf878a5,
R,0xcf878a5,
R,0xcf87905,
W,0xcf8789d,0
R,0xcf8789d,
R,0xcf878a5,
W,0xcf878a5,5
R,0xcf878a5,
R,0xcf878a5,
R,0xcf8790d,
W,0xcf8789d,0
R,0xcf8789d,
R,0xcf878a5,
W,0xcf878a5,6
R,0xcf878a5,
R,0xcf878a5,
R,0xcf87915,
W,0xcf8789d,0
R,0xcf8789d,
R,0xcf878a5,
W,0xcf878a5,7
R,0xcf878a5,
R,0xcf878a5,
R,0xcf8791d,
W,0xcf8789d,0
R,0xcf8789d,
R,0xcf878a5,
W,0xcf878a5,8
R,0xcf878a5,
R,0xcf878a5,
R,0xcf87925,
W,0xcf8789d,0
R,0xcf8789d,
R,0xcf878a5,
W,0xcf878a5,9
R,0xcf878a5,
R,0xcf878a5,
R,0xcf8792d,
W,0xcf8789d,0
R,0xcf8789d,
R,0xcf878a5,
W,0xcf878a5,10
R,0xcf878a5,
W,0xcf87895,0
R,0xcf87895,
W,0xcf8788d,0
R,0xcf8788d,
R,0xcf87895,
R,0xcf87935,
R,0xcf87895,
W,0xcf87895,1
R,0xcf87895,
W,0xcf8788d,0
R,0xcf8788d,
R,0xcf87895,
R,0xcf8793d,
R,0xcf87895,
R,0xcf879dd,
R,0xcf8788d,
R,0x100,
R,0xcf87a3d,
R,0xcf878ad,
W,0xcf878ad,1
W,0x0,2103037817
R,0xcf8788d,
W,0xcf8788d,1
R,0xcf8788d,
R,0xcf87895,
R,0xcf8793d,
R,0xcf87895,
R,0xcf879dd,
R,0xcf8788d,
R,0x108,
R,0xcf87a3d,
R,0xcf878ad,
W,0xcf878ad,2
W,0x8,1175605066
R,0xcf8788d,
W,0xcf8788d,2
R,0xcf8788d,
R,0xcf87895,
R,0xcf8793d,
R,0xcf87895,
R,0xcf879dd,
R,0xcf8788d,
R,0x110,
R,0xcf87a3d,
R,0xcf878ad,
W,0xcf878ad,3
W,0x10,1183265925
R,0xcf8788d,
W,0xcf8788d,3
R,0xcf8788d,
R,0xcf87895,
R,0xcf8793d,
R,0xcf87895,
W,0xcf87895,2
R,0xcf87895,
W,0xcf8788d,0
R,0xcf8788d,
R,0xcf87895,
R,0xcf87945,
R,0xcf87895,
R,0xcf879e5,
R,0xcf8788d,
R,0x1a0,
R,0xcf87a3d,
R,0xcf878ad,
W,0xcf878ad,4
W,0x18,1247021962
R,0xcf8788d,
W,0xcf8788d,1
R,0xcf8788d,
R,0xcf87895,
R,0xcf87945,
R,0xcf87895,
R,0xcf879e5,
R,0xcf8788d,
R,0x1a8,
R,0xcf87a3d,
R,0xcf878ad,
W,0xcf878ad,5
W,0x20,1247880576
R,0xcf8788d,
W,0xcf8788d,2
R,0xcf8788d,
R,0xcf87895,
R,0xcf87945,
R,0xcf87895,
W,0xcf87895,3
R,0xcf87895,
W,0xcf8788d,0
R,0xcf8788d,
R,0xcf87895,
R,0xcf8794d,
R,0xcf87895,
R,0xcf879ed,
R,0xcf8788d,
R,0x240,
R,0xcf87a3d,
R,0xcf878ad,
W,0xcf878ad,6
W,0x28,1378028460
R,0xcf8788d,
W,0xcf8788d,1
R,0xcf8788d,
R,0xcf87895,
R,0xcf8794d,
R,0xcf87895,
W,0xcf87895,4
R,0xcf87895,
W,0xcf8788d,0
R,0xcf8788d,
R,0xcf87895,
R,0xcf87955,
R,0xcf87895,
W,0xcf87895,5
R,0xcf87895,
W,0xcf8788d,0
R,0xcf8788d,
R,0xcf87895,
R,0xcf8795d,
R,0xcf87895,
W,0xcf87895,6
R,0xcf87895,
W,0xcf8788d,0
R,0xcf8788d,
R,0xcf87895,
R,0xcf87965,
R,0xcf87895,
R,0xcf87a05,
R,0xcf8788d,
R,0x420,
R,0xcf87a3d,
R,0xcf878ad,
W,0xcf878ad,7
W,0x30,1613041882
R,0xcf8788d,
W,0xcf8788d,1
R,0xcf8788d,
R,0xcf87895,
R,0xcf87965,
R,0xcf87895,
W,0xcf87895,7
R,0xcf87895,
W,0xcf8788d,0
R,0xcf8788d,
R,0xcf87895,
R,0xcf8796d,
R,0xcf87895,
W,0xcf87895,8
R,0xcf87895,
W,0xcf8788d,0
R,0xcf8788d,
R,0xcf87895,
R,0xcf87975,
R,0xcf87895,
R,0xcf87a15,
R,0xcf8788d,
R,0x560,
R,0xcf87a3d,
R,0xcf878ad,
W,0xcf878ad,8
W,0x38,1837852668
R,0xcf8788d,
W,0xcf8788d,1
R,0xcf8788d,
R,0xcf87895,
R,0xcf87975,
R,0xcf87895,
W,0xcf87895,9
R,0xcf87895,
W,0xcf8788d,0
R,0xcf8788d,
R,0xcf87895,
R,0xcf8797d,
R,0xcf87895,
R,0xcf87a1d,
R,0xcf8788d,
R,0x600,
R,0xcf87a3d,
R,0xcf878ad,
W,0xcf878ad,9
W,0x40,1915105988
R,0xcf8788d,
W,0xcf8788d,1
R,0xcf8788d,
R,0xcf87895,
R,0xcf8797d,
R,0xcf87895,
W,0xcf87895,10
R,0xcf87895,
R,0xcf878d5,
W,0xcf878d5,9
R,0xcf878d5,
R,0xcf87a2d,
W,0xcf878cd,0
R,0xcf878cd,
R,0xcf878cd,
W,0xcf87935,0
R,0xcf878cd,
W,0xcf878e5,0
R,0xcf878cd,
W,0xcf878cd,1
R,0xcf878cd,
R,0xcf878cd,
W,0xcf8793d,0
R,0xcf878cd,
W,0xcf878ed,0
R,0xcf878cd,
W,0xcf878cd,2
R,0xcf878cd,
R,0xcf878cd,
W,0xcf87945,0
R,0xcf878cd,
W,0xcf878f5,0
R,0xcf878cd,
W,0xcf878cd,3
R,0xcf878cd,
R,0xcf878cd,
W,0xcf8794d,0
R,0xcf878cd,
W,0xcf878fd,0
R,0xcf878cd,
W,0xcf878cd,4
R,0xcf878cd,
R,0xcf878cd,
W,0xcf87955,0
R,0xcf878cd,
W,0xcf87905,0
R,0xcf878cd,
W,0xcf878cd,5
R,0xcf878cd,
R,0xcf878cd,
W,0xcf8795d,0
R,0xcf878cd,
W,0xcf8790d,0
R,0xcf878cd,
W,0xcf878cd,6
R,0xcf878cd,
R,0xcf878cd,
W,0xcf87965,0
R,0xcf878cd,
W,0xcf87915,0
R,0xcf878cd,
W,0xcf878cd,7
R,0xcf878cd,
R,0xcf878cd,
W,0xcf8796d,0
R,0xcf878cd,
W,0xcf8791d,0
R,0xcf878cd,
W,0xcf878cd,8
R,0xcf878cd,
R,0xcf878cd,
W,0xcf87975,0
R,0xcf878cd,
W,0xcf87925,0
R,0xcf878cd,
W,0xcf878cd,9
R,0xcf878cd,
R,0xcf878cd,
W,0xcf8797d,0
R,0xcf878cd,
W,0xcf8792d,0
R,0xcf878cd,
W,0xcf878cd,10
R,0xcf878cd,
W,0xcf878c5,0
R,0xcf878c5,
R,0xcf87a35,
R,0xcf87a3d,
R,0xcf878c5,
R,0x0,
R,0xcf87a3d,
R,0xcf878c5,
R,0x0,
R,0xcf878d5,
W,0xcf878bd,2
R,0xcf87a3d,
R,0xcf878c5,
R,0x0,
R,0xcf878bd,
R,0xcf879e5,
R,0xcf878bd,
R,0xcf87945,
W,0xcf87945,1
W,0x1a0,2103037817
R,0xcf878c5,
W,0xcf878c5,1
R,0xcf878c5,
R,0xcf87a35,
R,0xcf87a3d,
R,0xcf878c5,
R,0x8,
R,0xcf87a3d,
R,0xcf878c5,
R,0x8,
R,0xcf878d5,
W,0xcf878bd,1
R,0xcf87a3d,
R,0xcf878c5,
R,0x8,
R,0xcf878bd,
R,0xcf879dd,
R,0xcf878bd,
R,0xcf8793d,
W,0xcf8793d,1
W,0x100,1175605066
R,0xcf878c5,
W,0xcf878c5,2
R,0xcf878c5,
R,0xcf87a35,
R,0xcf87a3d,
R,0xcf878c5,
R,0x10,
R,0xcf87a3d,
R,0xcf878c5,
R,0x10,
R,0xcf878d5,
W,0xcf878bd,1
R,0xcf87a3d,
R,0xcf878c5,
R,0x10,
R,0xcf878bd,
R,0xcf879dd,
R,0xcf878bd,
R,0xcf8793d,
W,0xcf8793d,2
W,0x108,1183265925
R,0xcf878c5,
W,0xcf878c5,3
R,0xcf878c5,
R,0xcf87a35,
R,0xcf87a3d,
R,0xcf878c5,
R,0x18,
R,0xcf87a3d,
R,0xcf878c5,
R,0x18,
R,0xcf878d5,
W,0xcf878bd,1
R,0xcf87a3d,
R,0xcf878c5,
R,0x18,
R,0xcf878bd,
R,0xcf879dd,
R,0xcf878bd,
R,0xcf8793d,
W,0xcf8793d,3
W,0x110,1247021962
R,0xcf878c5,
W,0xcf878c5,4
R,0xcf878c5,
R,0xcf87a35,
R,0xcf87a3d,
R,0xcf878c5,
R,0x20,
R,0xcf87a3d,
R,0xcf878c5,
R,0x20,
R,0xcf878d5,
W,0xcf878bd,1
R,0xcf87a3d,
R,0xcf878c5,
R,0x20,
R,0xcf878bd,
R,0xcf879dd,
R,0xcf878bd,
R,0xcf8793d,
W,0xcf8793d,4
W,0x118,1247880576
R,0xcf878c5,
W,0xcf878c5,5
R,0xcf878c5,
R,0xcf87a35,
R,0xcf87a3d,
R,0xcf878c5,
R,0x28,
R,0xcf87a3d,
R,0xcf878c5,
R,0x28,
R,0xcf878d5,
W,0xcf878bd,1
R,0xcf87a3d,
R,0xcf878c5,
R,0x28,
R,0xcf878bd,
R,0xcf879dd,
R,0xcf878bd,
R,0xcf8793d,
W,0xcf8793d,5
W,0x120,1378028460
R,0xcf878c5,
W,0xcf878c5,6
R,0xcf878c5,
R,0xcf87a35,
R,0xcf87a3d,
R,0xcf878c5,
R,0x30,
R,0xcf87a3d,
R,0xcf878c5,
R,0x30,
R,0xcf878d5,
W,0xcf878bd,1
R,0xcf87a3d,
R,0xcf878c5,
R,0x30,
R,0xcf878bd,
R,0xcf879dd,
R,0xcf878bd,
R,0xcf8793d,
W,0xcf8793d,6
W,0x128,1613041882
R,0xcf878c5,
W,0xcf878c5,7
R,0xcf878c5,
R,0xcf87a35,
R,0xcf87a3d,
R,0xcf878c5,
R,0x38,
R,0xcf87a3d,
R,0xcf878c5,
R,0x38,
R,0xcf878d5,
W,0xcf878bd,1
R,0xcf87a3d,
R,0xcf878c5,
R,0x38,
R,0xcf878bd,
R,0xcf879dd,
R,0xcf878bd,
R,0xcf8793d,
W,0xcf8793d,7
W,0x130,1837852668
R,0xcf878c5,
W,0xcf878c5,8
R,0xcf878c5,
R,0xcf87a35,
R,0xcf87a3d,
R,0xcf878c5,
R,0x40,
R,0xcf87a3d,
R,0xcf878c5,
R,0x40,
R,0xcf878d5,
W,0xcf878bd,1
R,0xcf87a3d,
R,0xcf878c5,
R,0x40,
R,0xcf878bd,
R,0xcf879dd,
R,0xcf878bd,
R,0xcf8793d,
W,0xcf8793d,8
W,0x138,1915105988
R,0xcf878c5,
W,0xcf878c5,9
R,0xcf878c5,
R,0xcf87a35,
W,0xcf878ad,0
W,0xcf878a5,0
R,0xcf878a5,
R,0xcf878a5,
R,0xcf878e5,
W,0xcf8789d,0
R,0xcf8789d,
R,0xcf878a5,
W,0xcf878a5,1
R,0xcf878a5,
R,0xcf878a5,
R,0xcf878ed,
W,0xcf8789d,0
R,0xcf8789d,
R,0xcf878a5,
W,0xcf878a5,2
R,0xcf878a5,
R,0xcf878a5,
R,0xcf878f5,
W,0xcf8789d,0
R,0xcf8789d,
R,0xcf878a5,
W,0xcf878a5,3
R,0xcf878a5,
R,0xcf878a5,
R,0xcf878fd,
W,0xcf8789d,0
R,0xcf8789d,
R,0xcf878a5,
W,0xcf878a5,4
R,0xcf878a5,
R,0xcf878a5,
R,0xcf87905,
W,0xcf8789d,0
R,0xcf8789d,
R,0xcf878a5,
W,0xcf878a5,5
R,0xcf878a5,
R,0xcf878a5,
R,0xcf8790d,
W,0xcf8789d,0
R,0xcf8789d,
R,0xcf878a5,
W,0xcf878a5,6
R,0xcf878a5,
R,0xcf878a5,
R,0xcf87915,
W,0xcf8789d,0
R,0xcf8789d,
R,0xcf878a5,
W,0xcf878a5,7
R,0xcf878a5,
R,0xcf878a5,
R,0xcf8791d,
W,0xcf8789d,0
R,0xcf8789d,
R,0xcf878a5,
W,0xcf878a5,8
R,0xcf878a5,
R,0xcf878a5,
R,0xcf87925,
W,0xcf8789d,0
R,0xcf8789d,
R,0xcf878a5,
W,0xcf878a5,9
R,0xcf878a5,
R,0xcf878a5,
R,0xcf8792d,
W,0xcf8789d,0
R,0xcf8789d,
R,0xcf878a5,
W,0xcf878a5,10
R,0xcf878a5,
W,0xcf87895,0
R,0xcf87895,
W,0xcf8788d,0
R,0xcf8788d,
R,0xcf87895,
R,0xcf87935,
R,0xcf87895,
W,0xcf87895,1
R,0xcf87895,
W,0xcf8788d,0
R,0xcf8788d,
R,0xcf87895,
R,0xcf8793d,
R,0xcf87895,
R,0xcf879dd,
R,0xcf8788d,
R,0x100,
R,0xcf87a3d,
R,0xcf878ad,
W,0xcf878ad,1
W,0x0,1175605066
R,0xcf8788d,
W,0xcf8788d,1
R,0xcf8788d,
R,0xcf87895,
R,0xcf8793d,
R,0xcf87895,
R,0xcf879dd,
R,0xcf8788d,
R,0x108,
R,0xcf87a3d,
R,0xcf878ad,
W,0xcf878ad,2
W,0x8,1183265925
R,0xcf8788d,
W,0xcf8788d,2
R,0xcf8788d,
R,0xcf87895,
R,0xcf8793d,
R,0xcf87895,
R,0xcf879dd,
R,0xcf8788d,
R,0x110,
R,0xcf87a3d,
R,0xcf878ad,
W,0xcf878ad,3
W,0x10,1247021962
R,0xcf8788d,
W,0xcf8788d,3
R,0xcf8788d,
R,0xcf87895,
R,0xcf8793d,
R,0xcf87895,
R,0xcf879dd,
R,0xcf8788d,
R,0x118,
R,0xcf87a3d,
R,0xcf878ad,
W,0xcf878ad,4
W,0x18,1247880576
R,0xcf8788d,
W,0xcf8788d,4
R,0xcf8788d,
R,0xcf87895,
R,0xcf8793d,
R,0xcf87895,
R,0xcf879dd,
R,0xcf8788d,
R,0x120,
R,0xcf87a3d,
R,0xcf878ad,
W,0xcf878ad,5
W,0x20,1378028460
R,0xcf8788d,
W,0xcf8788d,5
R,0xcf8788d,
R,0xcf87895,
R,0xcf8793d,
R,0xcf87895,
R,0xcf879dd,
R,0xcf8788d,
R,0x128,
R,0xcf87a3d,
R,0xcf878ad,
W,0xcf878ad,6
W,0x28,1613041882
R,0xcf8788d,
W,0xcf8788d,6
R,0xcf8788d,
R,0xcf87895,
R,0xcf8793d,
R,0xcf87895,
R,0xcf879dd,
R,0xcf8788d,
R,0x130,
R,0xcf87a3d,
R,0xcf878ad,
W,0xcf878ad,7
W,0x30,1837852668
R,0xcf8788d,
W,0xcf8788d,7
R,0xcf8788d,
R,0xcf87895,
R,0xcf8793d,
R,0xcf87895,
R,0xcf879dd,
R,0xcf8788d,
R,0x138,
R,0xcf87a3d,
R,0xcf878ad,
W,0xcf878ad,8
W,0x38,1915105988
R,0xcf8788d,
W,0xcf8788d,8
R,0xcf8788d,
R,0xcf87895,
R,0xcf8793d,
R,0xcf87895,
W,0xcf87895,2
R,0xcf87895,
W,0xcf8788d,0
R,0xcf8788d,
R,0xcf87895,
R,0xcf87945,
R,0xcf87895,
R,0xcf879e5,
R,0xcf8788d,
R,0x1a0,
R,0xcf87a3d,
R,0xcf878ad,
W,0xcf878ad,9
W,0x40,2103037817
R,0xcf8788d,
W,0xcf8788d,1
R,0xcf8788d,
R,0xcf87895,
R,0xcf87945,
R,0xcf87895,
W,0xcf87895,3
R,0xcf87895,
W,0xcf8788d,0
R,0xcf8788d,
R,0xcf87895,
R,0xcf8794d,
R,0xcf87895,
W,0xcf87895,4
R,0xcf87895,
W,0xcf8788d,0
R,0xcf8788d,
R,0xcf87895,
R,0xcf87955,
R,0xcf87895,
W,0xcf87895,5
R,0xcf87895,
W,0xcf8788d,0
R,0xcf8788d,
R,0xcf87895,
R,0xcf8795d,
R,0xcf87895,
W,0xcf87895,6
R,0xcf87895,
W,0xcf8788d,0
R,0xcf8788d,
R,0xcf87895,
R,0xcf87965,
R,0xcf87895,
W,0xcf87895,7
R,0xcf87895,
W,0xcf8788d,0
R,0xcf8788d,
R,0xcf87895,
R,0xcf8796d,
R,0xcf87895,
W,0xcf87895,8
R,0xcf87895,
W,0xcf8788d,0
R,0xcf8788d,
R,0xcf87895,
R,0xcf87975,
R,0xcf87895,
W,0xcf87895,9
R,0xcf87895,
W,0xcf8788d,0
R,0xcf8788d,
R,0xcf87895,
R,0xcf8797d,
R,0xcf87895,
W,0xcf87895,10
R,0xcf87895,
R,0xcf878d5,
W,0xcf878d5,10
R,0xcf878d5,
R,0xcf87a2d,
W,0xcf87885,0
R,0xcf87885,
R,0xcf87885,
R,0xcf879d5,
R,0xcf87885,
R,0xcf87985,
R,0xcf87885,
W,0xcf87885,1
R,0xcf87885,
R,0xcf87885,
R,0xcf879dd,
R,0xcf87885,
R,0xcf8798d,
R,0xcf87885,
W,0xcf87885,2
R,0xcf87885,
R,0xcf87885,
R,0xcf879e5,
R,0xcf87885,
R,0xcf87995,
R,0xcf87885,
W,0xcf87885,3
R,0xcf87885,
R,0xcf87885,
R,0xcf879ed,
R,0xcf87885,
R,0xcf8799d,
R,0xcf87885,
W,0xcf87885,4
R,0xcf87885,
R,0xcf87885,
R,0xcf879f5,
R,0xcf87885,
R,0xcf879a5,
R,0xcf87885,
W,0xcf87885,5
R,0xcf87885,
R,0xcf87885,
R,0xcf879fd,
R,0xcf87885,
R,0xcf879ad,
R,0xcf87885,
W,0xcf87885,6
R,0xcf87885,
R,0xcf87885,
R,0xcf87a05,
R,0xcf87885,
R,0xcf879b5,
R,0xcf87885,
W,0xcf87885,7
R,0xcf87885,
R,0xcf87885,
R,0xcf87a0d,
R,0xcf87885,
R,0xcf879bd,
R,0xcf87885,
W,0xcf87885,8
R,0xcf87885,
R,0xcf87885,
R,0xcf87a15,
R,0xcf87885,
R,0xcf879c5,
R,0xcf87885,
W,0xcf87885,9
R,0xcf87885,
R,0xcf87885,
R,0xcf87a1d,
R,0xcf87885,
R,0xcf879cd,
R,0xcf87885,
W,0xcf87885,10
R,0xcf87885,
W,0xcf87b25,0
W,0xcf87b1d,4205433174
R,0xcf87b1d,
W,0xcf87a35,4205433174
R,0xcf87a35,
W,0xcf87a0d,4205432918
W,0xcf87a05,4205433174
R,0xcf87a0d,
R,0xcf87a05,
R,0xcf87b3d,
W,0xcf87a3d,2645806215
R,0xcf87a3d,
W,0xcf87b15,2645806215
R,0xcf87b1d,
W,0xcf87a35,4205433174
R,0xcf87a35,
W,0xcf87a0d,4205432918
W,0xcf87a05,4205433182
R,0xcf87a0d,
R,0xcf87a05,
R,0xcf87b45,
W,0xcf87a3d,2645806295
R,0xcf87a3d,
W,0xcf87b0d,2645806295
W,0xcf87a3d,4205433134
W,0xcf87a35,4205433126
R,0xcf87a3d,
W,0xcf879ed,4205433134
R,0xcf879ed,
R,0xcf87b15,
R,0xcf87a35,
W,0xcf879ed,4205433126
R,0xcf879ed,
R,0xcf87b0d,
W,0xcf87a3d,4205433134
R,0xcf87a3d,
R,0xcf87b15,
W,0xcf87b05,2645806215
R,0xcf87b05,
R,0x0,
W,0xcf87b25,1175605066
W,0xcf87a3d,4205433134
R,0xcf87a3d,
R,0xcf87b15,
W,0xcf87b15,2645806223
W,0xcf87a3d,4205433134
W,0xcf87a35,4205433126
R,0xcf87a3d,
W,0xcf879ed,4205433134
R,0xcf879ed,
R,0xcf87b15,
R,0xcf87a35,
W,0xcf879ed,4205433126
R,0xcf879ed,
R,0xcf87b0d,
W,0xcf87a3d,4205433134
R,0xcf87a3d,
R,0xcf87b15,
W,0xcf87b05,2645806223
R,0xcf87b05,
R,0x8,
W,0xcf87b25,1183265925
W,0xcf87a3d,4205433134
R,0xcf87a3d,
R,0xcf87b15,
W,0xcf87b15,2645806231
W,0xcf87a3d,4205433134
W,0xcf87a35,4205433126
R,0xcf87a3d,
W,0xcf879ed,4205433134
R,0xcf879ed,
R,0xcf87b15,
R,0xcf87a35,
W,0xcf879ed,4205433126
R,0xcf879ed,
R,0xcf87b0d,
W,0xcf87a3d,4205433134
R,0xcf87a3d,
R,0xcf87b15,
W,0xcf87b05,2645806231
R,0xcf87b05,
R,0x10,
W,0xcf87b25,1247021962
W,0xcf87a3d,4205433134
R,0xcf87a3d,
R,0xcf87b15,
W,0xcf87b15,2645806239
W,0xcf87a3d,4205433134
W,0xcf87a35,4205433126
R,0xcf87a3d,
W,0xcf879ed,4205433134
R,0xcf879ed,
R,0xcf87b15,
R,0xcf87a35,
W,0xcf879ed,4205433126
R,0xcf879ed,
R,0xcf87b0d,
W,0xcf87a3d,4205433134
R,0xcf87a3d,
R,0xcf87b15,
W,0xcf87b05,2645806239
R,0xcf87b05,
R,0x18,
W,0xcf87b25,1247880576
W,0xcf87a3d,4205433134
R,0xcf87a3d,
R,0xcf87b15,
W,0xcf87b15,2645806247
W,0xcf87a3d,4205433134
W,0xcf87a35,4205433126
R,0xcf87a3d,
W,0xcf879ed,4205433134
R,0xcf879ed,
R,0xcf87b15,
R,0xcf87a35,
W,0xcf879ed,4205433126
R,0xcf879ed,
R,0xcf87b0d,
W,0xcf87a3d,4205433134
R,0xcf87a3d,
R,0xcf87b15,
W,0xcf87b05,2645806247
R,0xcf87b05,
R,0x20,
W,0xcf87b25,1378028460
W,0xcf87a3d,4205433134
R,0xcf87a3d,
R,0xcf87b15,
W,0xcf87b15,2645806255
W,0xcf87a3d,4205433134
W,0xcf87a35,4205433126
R,0xcf87a3d,
W,0xcf879ed,4205433134
R,0xcf879ed,
R,0xcf87b15,
R,0xcf87a35,
W,0xcf879ed,4205433126
R,0xcf879ed,
R,0xcf87b0d,
W,0xcf87a3d,4205433134
R,0xcf87a3d,
R,0xcf87b15,
W,0xcf87b05,2645806255
R,0xcf87b05,
R,0x28,
W,0xcf87b25,1613041882
W,0xcf87a3d,4205433134
R,0xcf87a3d,
R,0xcf87b15,
W,0xcf87b15,2645806263
W,0xcf87a3d,4205433134
W,0xcf87a35,4205433126
R,0xcf87a3d,
W,0xcf879ed,4205433134
R,0xcf879ed,
R,0xcf87b15,
R,0xcf87a35,
W,0xcf879ed,4205433126
R,0xcf879ed,
R,0xcf87b0d,
W,0xcf87a3d,4205433134
R,0xcf87a3d,
R,0xcf87b15,
W,0xcf87b05,2645806263
R,0xcf87b05,
R,0x30,
W,0xcf87b25,1837852668
W,0xcf87a3d,4205433134
R,0xcf87a3d,
R,0xcf87b15,
W,0xcf87b15,2645806271
W,0xcf87a3d,4205433134
W,0xcf87a35,4205433126
R,0xcf87a3d,
W,0xcf879ed,4205433134
R,0xcf879ed,
R,0xcf87b15,
R,0xcf87a35,
W,0xcf879ed,4205433126
R,0xcf879ed,
R,0xcf87b0d,
W,0xcf87a3d,4205433134
R,0xcf87a3d,
R,0xcf87b15,
W,0xcf87b05,2645806271
R,0xcf87b05,
R,0x38,
W,0xcf87b25,1915105988
W,0xcf87a3d,4205433134
R,0xcf87a3d,
R,0xcf87b15,
W,0xcf87b15,2645806279
W,0xcf87a3d,4205433134
W,0xcf87a35,4205433126
R,0xcf87a3d,
W,0xcf879ed,4205433134
R,0xcf879ed,
R,0xcf87b15,
R,0xcf87a35,
W,0xcf879ed,4205433126
R,0xcf879ed,
R,0xcf87b0d,
W,0xcf87a3d,4205433134
R,0xcf87a3d,
R,0xcf87b15,
W,0xcf87b05,2645806279
R,0xcf87b05,
R,0x40,
W,0xcf87b25,2103037817
W,0xcf87a3d,4205433134
R,0xcf87a3d,
R,0xcf87b15,
W,0xcf87b15,2645806287
W,0xcf87a3d,4205433134
W,0xcf87a35,4205433126
R,0xcf87a3d,
W,0xcf879ed,4205433134
R,0xcf879ed,
R,0xcf87b15,
R,0xcf87a35,
W,0xcf879ed,4205433126
R,0xcf879ed,
R,0xcf87b0d,
W,0xcf87a3d,4205433134
R,0xcf87a3d,
R,0xcf87b15,
W,0xcf87b05,2645806287
R,0xcf87b05,
R,0x48,
W,0xcf87b25,517738133
W,0xcf87a3d,4205433134
R,0xcf87a3d,
R,0xcf87b15,
W,0xcf87b15,2645806295
W,0xcf87a3d,4205433134
W,0xcf87a35,4205433126
R,0xcf87a3d,
W,0xcf879ed,4205433134
R,0xcf879ed,
R,0xcf87b15,
R,0xcf87a35,
W,0xcf879ed,4205433126
R,0xcf879ed,
R,0xcf87b0d,
W,0xcf87b71,0
W,0xcf87a25,4205433174
R,0xcf87a25,
R,0xcf87b3d,
R,0xcf87b45,
W,0xcf879cd,4205433174
R,0xcf879cd,
W,0xcf87a3d,2645806215
W,0xcf87a35,2645806295
W,0xcf87a2d,4205433174
R,0xcf87a3d,
R,0xcf87a35,
W,0xcf879cd,2645806215
W,0xcf879c5,2645806295
R,0xcf879cd,
R,0xcf879c5,
W,0xcf8798d,2645806215
W,0xcf87985,2645806295
W,0xcf879cd,4205433174
R,0xcf879cd,
R,0xcf87b3d,
R,0xcf87b4d,
R,0xcf87b3d,
W,0xcf87975,4205433174
W,0xcf8796d,2645806215
W,0xcf87965,10
R,0xcf87975,
R,0xcf8796d,
R,0xcf8796d,
R,0xcf87965,
W,0xcf8798d,4205433174
W,0xcf87985,2645806215
W,0xcf8797d,10
R,0xcf8798d,
R,0xcf87985,
R,0xcf8797d,
W,0xcf878fd,4205433174
W,0xcf878f5,2645806215
W,0xcf878ed,10
R,0xcf878fd,
R,0xcf878f5,
W,0xcf87985,4205433174
R,0xcf87985,
W,0xcf8798d,4205433174
R,0xcf8798d,
W,0xcf8795d,4205433174
R,0xcf8795d,
R,0xcf87b71,
